Warehouse,Item,Item Description,Inventory Status,Lot,On Hand Qty,Allocated Qty,In Transit Qty,Company,Aging Date
Brampton,1S-P763-BBCX,0,Available,,204,0,0,AMFLAT,2026-01-14T19:36:49.507
Brampton,A281P369SHOW7174AZ,Americanflat 71x74 Floral Shower Curtain - 100% Polyester Shower Curtain with 12 Hooks - Shower Curt,Available,,40,0,0,AMFLAT,2026-01-14T19:31:08.09
Brampton,A2BLK,Americanflat A2 Picture Frame in Black - Composite Wood with Polished Plexiglass - Horizontal and Ve,Available,,36,36,0,AMFLAT,2026-01-14T19:31:01.557
Brampton,A313P125SHOW7174AZ,Americanflat 71x74 Abstract Shower Curtain - 100% Polyester Shower Curtain with 12 Hooks - Bathroom,Available,,20,0,0,AMFLAT,2026-01-14T19:30:49.983
Brampton,A3BK,Americanflat A3 Picture Frame in Black - Composite Wood with Shatter Resistant Glass - Horizontal an,Available,,30,0,0,AMFLAT,2026-03-17T15:27:55.303
Brampton,A4BK,Americanflat A4 Picture Frame in Black - Composite Wood with Shatter Resistant Glass - Horizontal an,Available,,12,12,0,AMFLAT,2025-04-11T15:02:25.457
Brampton,ALU0912BLK0608,Americanflat Aluminum 9x12 Picture Frame in Black - Use as 6x8 Picture Frame with Mat or 9x12 Frame,Available,,108,0,0,AMFLAT,2026-01-14T19:31:43.78
Brampton,BFXF5060BRW,BFXF5060BRW,Available,,45,0,0,AMFLAT,2026-01-14T19:30:32.26
Brampton,BFXF5060PNK,BFXF5060PNK,Available,,45,0,0,AMFLAT,2026-01-14T19:30:06.24
Brampton,BFXF5060WHT,BFXF5060WHT,Available,,150,0,0,AMFLAT,2026-01-14T19:29:53.367
Brampton,BFXF6080BLU,BFXF6080BLU,Available,,50,0,0,AMFLAT,2026-01-14T19:29:47.23
Brampton,BFXF6080BRW,BFXF6080BRW,Available,,20,0,0,AMFLAT,2026-01-14T19:29:33.56
Brampton,BFXF6080DGRY,BFXF6080DGRY,Available,,20,0,0,AMFLAT,2026-01-14T19:29:27.04
Brampton,BFXF6080GRN,BFXF6080GRN,Available,,20,0,0,AMFLAT,2026-01-14T19:29:15.643
Brampton,BFXF6080GRY,BFXF6080GRY,Available,,20,0,0,AMFLAT,2026-01-14T19:29:09.357
Brampton,BFXF6080PNK,BFXF6080PNK,Available,,20,0,0,AMFLAT,2026-01-14T19:28:49.61
Brampton,BFXF6080WHT,BFXF6080WHT,Available,,70,0,0,AMFLAT,2026-01-14T19:28:43.43
Brampton,BJ3040BXCHKCRM,BJ3040BXCHKCRM,Available,,160,0,0,AMFLAT,2026-01-14T19:28:33.9
Brampton,BJ3040BXPETGRAY,BJ3040BXPETGRAY,Available,,160,0,0,AMFLAT,2026-01-14T19:28:10.62
Brampton,BJ3040BXPETTAU,BJ3040BXPETTAU,Available,,80,0,0,AMFLAT,2026-01-14T19:26:51.867
Brampton,BROUFXF5060BRW,BROUFXF5060BRW,Available,,20,0,0,AMFLAT,2026-01-14T19:26:44.63
Brampton,BROUFXF5060GRY,BROUFXF5060GRY,Available,,20,0,0,AMFLAT,2026-01-14T19:26:34.727
Brampton,BROUFXF5060WHT,BROUFXF5060WHT,Available,,170,0,0,AMFLAT,2026-01-14T19:26:28.72
Brampton,BSOL5060BRW,BSOL5060BRW,Available,,28,0,0,AMFLAT,2026-01-14T19:26:18.673
Brampton,BSOL5060BRW,BSOL5060BRW,Available,,28,28,0,AMFLAT,2026-01-14T19:26:18.673
Brampton,BSOL5060PNK,BSOL5060PNK,Available,,56,0,0,AMFLAT,2026-01-14T19:26:11.983
Brampton,BSOL6080BRW,BSOL6080BRW,Available,,52,0,0,AMFLAT,2026-01-14T19:25:51.423
Brampton,BSOL6080PNK,BSOL6080PNK,Available,,52,0,0,AMFLAT,2026-01-14T19:25:41.473
Brampton,BSOL6080WHT,BSOL6080WHT,Available,,91,0,0,AMFLAT,2026-01-14T19:25:34.76
Brampton,BSOL9090BRW,BSOL9090BRW,Available,,50,0,0,AMFLAT,2026-01-14T19:25:23.4
Brampton,BSOL9090PNK,BSOL9090PNK,Available,,50,0,0,AMFLAT,2026-01-14T19:25:16.17
Brampton,BSOL9090WHT,BSOL9090WHT,Available,,100,0,0,AMFLAT,2026-01-14T19:25:05.397
Brampton,FF0810BK,FF0810BK,Available,,20,0,0,AMFLAT,2026-01-14T19:32:02.173
Brampton,FLAGCASEBR,FLAGCASEBR,Available,,56,0,0,AMFLAT,2026-01-21T22:53:31.527
Brampton,FLAGCASEBR,FLAGCASEBR,Available,,8,8,0,AMFLAT,2026-01-21T22:53:31.527
Brampton,IFBLK2134NOMAT4PK,IFBLK2134NOMAT4PK,Available,,60,0,0,AMFLAT,2026-01-14T19:24:41.623
Brampton,JRSYDC1824BLK,Americanflat Jersey Frame Display Case in Black - 18x24 Lockable Plexiglass Shadow Box - Jersey Disp,Available,,4,0,0,AMFLAT,2025-04-11T15:23:04.577
Brampton,JRSYDC1824BLK,Americanflat Jersey Frame Display Case in Black - 18x24 Lockable Plexiglass Shadow Box - Jersey Disp,Held,,4,0,0,AMFLAT,2025-04-11T15:23:04.577
Brampton,JRSYDC1824BLK,Americanflat Jersey Frame Display Case in Black - 18x24 Lockable Plexiglass Shadow Box - Jersey Disp,Available,,24,0,0,AMFLAT,2025-04-11T15:23:04.577
Brampton,JRSYDCBLK,Americanflat Jersey Frame Display Case in Black - 23x31 Lockable Plexiglass Shadow Box - Jersey Disp,Available,,8,0,0,AMFLAT,2025-04-11T15:16:45.483
Brampton,JRSYDCBLK,Americanflat Jersey Frame Display Case in Black - 23x31 Lockable Plexiglass Shadow Box - Jersey Disp,Available,,20,0,0,AMFLAT,2025-04-11T15:16:45.483
Brampton,JRSYDCBLK,Americanflat Jersey Frame Display Case in Black - 23x31 Lockable Plexiglass Shadow Box - Jersey Disp,Available,,20,0,0,AMFLAT,2025-04-11T15:16:45.483
Brampton,JRSYDCBLK,Americanflat Jersey Frame Display Case in Black - 23x31 Lockable Plexiglass Shadow Box - Jersey Disp,Available,,20,0,0,AMFLAT,2025-04-11T15:16:45.483
Brampton,JRSYDCBLK,Americanflat Jersey Frame Display Case in Black - 23x31 Lockable Plexiglass Shadow Box - Jersey Disp,Available,,20,0,0,AMFLAT,2025-04-11T15:16:45.483
Brampton,JRSYDCBLK,Americanflat Jersey Frame Display Case in Black - 23x31 Lockable Plexiglass Shadow Box - Jersey Disp,Available,,20,0,0,AMFLAT,2025-04-11T15:16:45.483
Brampton,JRSYDCBLK,Americanflat Jersey Frame Display Case in Black - 23x31 Lockable Plexiglass Shadow Box - Jersey Disp,Available,,20,0,0,AMFLAT,2025-04-11T15:16:45.483
Brampton,JRSYDCBLK,Americanflat Jersey Frame Display Case in Black - 23x31 Lockable Plexiglass Shadow Box - Jersey Disp,Available,,20,0,0,AMFLAT,2025-04-11T15:16:45.483
Brampton,KAF8511DWOOD,KAF8511DWOOD,Available,,216,0,0,AMFLAT,2026-01-14T19:35:39.53
Brampton,KAF8511MH,KAF8511MH,Available,,104,0,0,AMFLAT,2026-01-14T19:35:33.263
Brampton,KAF8511OAK,KAF8511OAK,Available,,104,0,0,AMFLAT,2026-01-14T19:35:25.063
Brampton,KAF8511WALNUT,KAF8511WALNUT,Available,,192,0,0,AMFLAT,2026-01-14T19:35:18.503
Brampton,LX0606BLK,Americanflat 6x6 Picture Frame in Black - Displays 4x4 With Mat and 6x6 Without Mat - Horizontal and,Available,,48,48,0,AMFLAT,2025-04-11T20:31:45.767
Brampton,LX0606BLK,Americanflat 6x6 Picture Frame in Black - Displays 4x4 With Mat and 6x6 Without Mat - Horizontal and,Available,,96,0,0,AMFLAT,2025-04-11T20:31:45.767
Brampton,LX0606WHT44,Americanflat 6x6 Picture Frame with Shatter-Resistant Glass - Use as 4x4 Frame with Mat or 6x6 Witho,Available,,144,0,0,AMFLAT,2025-04-14T13:49:52.92
Brampton,LX0606WHT44,Americanflat 6x6 Picture Frame with Shatter-Resistant Glass - Use as 4x4 Frame with Mat or 6x6 Witho,Available,,48,48,0,AMFLAT,2025-04-14T13:49:52.92
Brampton,LX0606WHTNOMAT,Americanflat 6x6 Picture Frame with Shatter-Resistant Glass - Streamline Collection - Thin Border Ph,Available,,48,0,0,AMFLAT,2025-04-14T13:50:18.217
Brampton,LX0608BLK35,Americanflat 6x8 Picture Frame with Shatter-Resistant Glass - Use as 3x5 Frame with Mat or 6x8 Frame,Available,,144,0,0,AMFLAT,2025-04-14T13:51:28.54
Brampton,LX0608BLK35,Americanflat 6x8 Picture Frame with Shatter-Resistant Glass - Use as 3x5 Frame with Mat or 6x8 Frame,Available,,48,48,0,AMFLAT,2025-04-14T13:51:28.54
Brampton,LX0608WHT35,Americanflat 6x8 Picture Frame with Shatter-Resistant Glass - Use as 3x5 Frame with Mat or 6x8 Frame,Available,,48,0,0,AMFLAT,2025-04-14T13:52:07.08
Brampton,LX0608WHT46,Americanflat 6x8 Picture Frame with Shatter-Resistant Glass - Use as 4x6 Frame with Mat or 6x8 Frame,Available,,192,0,0,AMFLAT,2025-04-14T13:52:36.923
Brampton,LX0808BLK55,Americanflat 8x8 Picture Frame with Shatter-Resistant Glass - Use as 5x5 Frame with Mat or 8x8 Witho,Available,,72,0,0,AMFLAT,2025-04-14T13:54:19.07
Brampton,LX0808BLKNOMAT,Unusual Sizes' in LX without mat - 8x8,Available,,24,0,0,AMFLAT,2025-04-14T13:54:52.907
Brampton,LX0808WHT55,Americanflat 8x8 Picture Frame with Shatter-Resistant Glass - Use as 5x5 Frame with Mat or 8x8 Frame,Available,,108,0,0,AMFLAT,2025-04-14T13:58:04.687
Brampton,LX0810BLK,Americanflat 8x10 Picture Frame in Black - Displays 5x7 With Mat and 8x10 Without Mat - Horizontal a,Available,,144,0,0,AMFLAT,2025-04-14T13:59:53.737
Brampton,LX0810BLK,Americanflat 8x10 Picture Frame in Black - Displays 5x7 With Mat and 8x10 Without Mat - Horizontal a,Available,,120,0,0,AMFLAT,2026-01-16T18:32:26.523
Brampton,LX0810WHTNOMAT,Americanflat 8x10 Picture Frame with Shatter-Resistant Glass - Streamline Collection - Thin Border P,Available,,120,0,0,AMFLAT,2025-04-14T14:01:20.91
Brampton,LX0816BLKNOMAT,Unusual Sizes' in LX without mat - 8x16,Available,,108,0,0,AMFLAT,2026-01-14T19:24:18.573
Brampton,LX0824BLKNOMAT,Unusual Sizes' in LX without mat - 8x24,Available,,6,0,0,AMFLAT,2026-01-16T19:40:04.667
Brampton,LX0912BLK-2PACK,Americanflat 9x12 Picture Frame in Black - Displays 6x8 With Mat and 9x12 Without Mat - Horizontal a,Available,,216,0,0,AMFLAT,2025-04-14T14:03:23.74
Brampton,LX0912BLK-2PACK,Americanflat 9x12 Picture Frame in Black - Displays 6x8 With Mat and 9x12 Without Mat - Horizontal a,Available,,72,0,0,AMFLAT,2025-04-14T14:03:23.74
Brampton,LX0912BLKNOMAT,LX without mat more sizes - 9x12,Available,,168,0,0,AMFLAT,2025-04-14T14:04:05.283
Brampton,LX0912WHT68,Americanflat 9x12 Picture Frame with Shatter-Resistant Glass - Use as 6x8 Frame with Mat or 9x12 Fra,Available,,24,24,0,AMFLAT,2026-01-14T19:23:35.16
Brampton,LX0912WHTNOMAT,Americanflat 9x12 Picture Frame with Shatter-Resistant Glass - Streamline Collection - Thin Border P,Available,,132,0,0,AMFLAT,2025-04-14T14:06:03.13
Brampton,LX1010BLKNOMAT,Americanflat 10x10 Picture Frame with Shatter-Resistant Glass - Streamline Collection - Thin Border,Available,,144,0,0,AMFLAT,2025-04-16T20:18:12.38
Brampton,LX1114BLKNOMAT,LX without mat more sizes - 11x14,Available,,60,0,0,AMFLAT,2025-04-11T14:54:33.593
Brampton,LX1114BLKNOMAT,LX without mat more sizes - 11x14,Available,,60,60,0,AMFLAT,2025-04-11T14:54:33.593
Brampton,LX1114WHT0811,Americanflat 11x14 Picture Frame with Shatter-Resistant Glass - Use as 8x11 Frame with Mat or 11x14,Available,,288,0,0,AMFLAT,2025-04-11T14:54:18.22
Brampton,LX1114WHTNOMAT,Americanflat 11x14 Picture Frame with Shatter-Resistant Glass - Streamline Collection - Thin Border,Available,,204,0,0,AMFLAT,2025-04-11T14:53:54.087
Brampton,LX1114WHTNOMAT,Americanflat 11x14 Picture Frame with Shatter-Resistant Glass - Streamline Collection - Thin Border,Available,,24,0,0,AMFLAT,2025-04-11T14:53:54.087
Brampton,LX1114WHTNOMAT,Americanflat 11x14 Picture Frame with Shatter-Resistant Glass - Streamline Collection - Thin Border,Available,,24,24,0,AMFLAT,2025-04-11T14:53:54.087
Brampton,LX1114WHTNOMAT,Americanflat 11x14 Picture Frame with Shatter-Resistant Glass - Streamline Collection - Thin Border,Available,,72,0,0,AMFLAT,2025-04-11T14:53:54.087
Brampton,LX1215BLKNOMAT,Unusual Sizes' in LX without mat - 12x15,Available,,24,24,0,AMFLAT,2025-04-11T15:10:38.28
Brampton,LX1215BLKNOMAT,Unusual Sizes' in LX without mat - 12x15,Available,,264,0,0,AMFLAT,2025-04-11T15:10:38.28
Brampton,LX1216BLKNOMAT,LX without mat more sizes - 12x16,Available,,48,0,0,AMFLAT,2025-04-02T16:52:27.47
Brampton,LX1216WHTNOMAT,Americanflat 12x16 Picture Frame with Polished Plexiglass - Streamline Collection - Thin Border Pict,Available,,96,0,0,AMFLAT,2025-04-03T15:28:11.567
Brampton,LX1313BLKNOMAT,Unusual Sizes' in LX without mat - 13x13,Available,,168,0,0,AMFLAT,2025-04-11T15:16:02.163
Brampton,LX1316BLK912,LX 12x16 with 912 mat,Available,,192,0,0,AMFLAT,2025-04-11T15:15:49.31
Brampton,LX1316BLK912,LX 12x16 with 912 mat,Available,,108,0,0,AMFLAT,2026-01-15T21:31:19.727
Brampton,LX1319WHTNOMAT,Americanflat 13x19 Picture Frame with Polished Plexiglass - Streamline Collection - Thin Border Pict,Available,,12,0,0,AMFLAT,2025-04-11T15:14:56.243
Brampton,LX1420BLK1117,Americanflat 14x20 Picture Frame with Polished Plexiglass - Use as 11x17 Frame with Mat or 14x20 Fra,Available,,156,0,0,AMFLAT,2025-04-11T15:13:28.28
Brampton,LX1616BLKNOMAT,Americanflat 16x16 Picture Frame with Polished Plexiglass - Streamline Collection - Thin Square Pict,Available,,144,0,0,AMFLAT,2025-04-11T15:12:18.007
Brampton,LX1616BLKNOMAT,Americanflat 16x16 Picture Frame with Polished Plexiglass - Streamline Collection - Thin Square Pict,Available,,24,0,0,AMFLAT,2025-04-11T15:12:18.007
Brampton,LX1616WHT57,Americanflat 16x16 Picture Frame with Plexiglass - Use as 5x7 Frame with Mat or 16x16 Frame Without,Available,,70,70,0,AMFLAT,2026-01-14T19:21:47.657
Brampton,LX1616WHT57,Americanflat 16x16 Picture Frame with Plexiglass - Use as 5x7 Frame with Mat or 16x16 Frame Without,Available,,10,0,0,AMFLAT,2026-01-14T19:21:47.657
Brampton,LX1620WHT1114,Americanflat 16x20 Picture Frame with Polished Plexiglass - Use as 11x14 Frame with Mat or 16x20 Fra,Available,,132,0,0,AMFLAT,2025-04-02T16:45:14.86
Brampton,LX1620WHT1114,Americanflat 16x20 Picture Frame with Polished Plexiglass - Use as 11x14 Frame with Mat or 16x20 Fra,Available,,132,0,0,AMFLAT,2025-04-02T16:45:14.86
Brampton,LX1620WHT1114,Americanflat 16x20 Picture Frame with Polished Plexiglass - Use as 11x14 Frame with Mat or 16x20 Fra,Available,,84,0,0,AMFLAT,2025-04-02T16:45:14.86
Brampton,LX1620WHT68,Americanflat 16x20 Picture Frame with Polished Plexiglass - Use as 6x8 Frame with Mat or 16x20 Frame,Available,,18,0,0,AMFLAT,2026-01-26T21:17:03.74
Brampton,LX1624BLK812,0,Available,,128,0,0,AMFLAT,2026-01-14T19:21:28.693
Brampton,LX1722BLKNOMAT,Unusual Sizes' in LX without mat - 17x22,Available,,36,0,0,AMFLAT,2026-01-14T19:20:19.21
Brampton,LX1722BLKNOMAT,Unusual Sizes' in LX without mat - 17x22,Available,,96,0,0,AMFLAT,2026-01-14T19:20:19.21
Brampton,LX1722BLKNOMAT,Unusual Sizes' in LX without mat - 17x22,Available,,12,0,0,AMFLAT,2026-01-14T19:20:19.21
Brampton,LX1818BLK88,0,Available,,8,8,0,AMFLAT,2026-01-26T22:34:47.323
Brampton,LX1818BLK88,0,Available,,144,0,0,AMFLAT,2026-01-26T22:34:47.323
Brampton,LX1824BLK108,0,Available,,6,0,0,AMFLAT,2026-01-16T15:28:32.823
Brampton,LX1824BLK810,Americanflat 18x24 Poster Frame with Polished Plexiglass - Use as 8x10 Frame with Mat or 18x24 Frame,Available,,108,0,0,AMFLAT,2026-01-16T15:34:10.773
Brampton,LX1824BLK810,Americanflat 18x24 Poster Frame with Polished Plexiglass - Use as 8x10 Frame with Mat or 18x24 Frame,Available,,24,0,0,AMFLAT,2026-01-16T15:34:10.773
Brampton,LX1824WHTNOMAT,Americanflat 18x24 Poster Frame with Polished Plexiglass - Streamline Collection - Thin Border Pictu,Available,,36,0,0,AMFLAT,2025-04-14T14:13:34.13
Brampton,LX1824WHTNOMAT,Americanflat 18x24 Poster Frame with Polished Plexiglass - Streamline Collection - Thin Border Pictu,Available,,60,0,0,AMFLAT,2025-04-14T14:13:34.13
Brampton,LX2024BLK,Americanflat 20x24 Poster Frame in Black - Thin Border Photo Frame with Polished Plexiglass - Horizo,Available,,12,12,0,AMFLAT,2025-04-16T20:27:14.43
Brampton,LX2024BLK,Americanflat 20x24 Poster Frame in Black - Thin Border Photo Frame with Polished Plexiglass - Horizo,Available,,24,0,0,AMFLAT,2025-04-16T20:27:14.43
Brampton,LX2024BLK,Americanflat 20x24 Poster Frame in Black - Thin Border Photo Frame with Polished Plexiglass - Horizo,Available,,96,0,0,AMFLAT,2025-04-16T20:27:14.43
Brampton,LX2024WHT1620,Americanflat 20x24 Picture Frame with Polished Plexiglass - Use as 16x20 Frame with Mat or 20x24 Fra,Available,,78,0,0,AMFLAT,2025-04-11T20:32:52.407
Brampton,LX2024WHT1620,Americanflat 20x24 Picture Frame with Polished Plexiglass - Use as 16x20 Frame with Mat or 20x24 Fra,Available,,90,0,0,AMFLAT,2025-04-11T20:32:52.407
Brampton,LX2026BLK1114,Americanflat 20x26 Picture Frame with Polished Plexiglass - Use as 11x14 Frame with Mat or 20x26 Fra,Available,,18,0,0,AMFLAT,2026-01-19T15:46:51.88
Brampton,LX2026BLK1114,Americanflat 20x26 Picture Frame with Polished Plexiglass - Use as 11x14 Frame with Mat or 20x26 Fra,Available,,96,0,0,AMFLAT,2026-01-19T15:46:51.88
Brampton,LX2026WHT1114,Americanflat 20x26 Picture Frame with Polished Plexiglass - Use as 11x14 Frame with Mat or 20x26 Fra,Available,,48,0,0,AMFLAT,2026-01-26T21:20:51.39
Brampton,LX2228BLK,Americanflat 22x28 Poster Frame in Black - Thin Border Photo Frame with Polished Plexiglass - Horizo,Available,,60,0,0,AMFLAT,2026-01-26T21:50:26.767
Brampton,LX2228BLK,Americanflat 22x28 Poster Frame in Black - Thin Border Photo Frame with Polished Plexiglass - Horizo,Available,,12,12,0,AMFLAT,2026-01-26T21:50:26.767
Brampton,LX2234BLKNOMAT,Unusual Sizes' in LX without mat - 22x34,Available,,4,4,0,AMFLAT,2026-01-27T16:34:12.58
Brampton,LX2234BLKNOMAT,Unusual Sizes' in LX without mat - 22x34,Available,,20,0,0,AMFLAT,2026-01-27T16:34:12.58
Brampton,LX2234BLKNOMAT,Unusual Sizes' in LX without mat - 22x34,Available,,48,0,0,AMFLAT,2026-01-27T16:34:12.58
Brampton,LX2430BLK912,0,Available,,3,0,0,AMFLAT,2026-01-14T19:19:24.03
Brampton,LX2434BLK2030,Americanflat 24x34 Poster Frame with Polished Plexiglass - Use as 20x30 Frame with Mat or 24x34 Fram,Available,,36,0,0,AMFLAT,2025-04-02T13:44:55.487
Brampton,LX2434BLK2030,Americanflat 24x34 Poster Frame with Polished Plexiglass - Use as 20x30 Frame with Mat or 24x34 Fram,Available,,32,0,0,AMFLAT,2025-04-02T13:44:55.487
Brampton,LX2434BLK2030,Americanflat 24x34 Poster Frame with Polished Plexiglass - Use as 20x30 Frame with Mat or 24x34 Fram,Available,,36,0,0,AMFLAT,2025-04-02T13:44:55.487
Brampton,LX2434BLK2030,Americanflat 24x34 Poster Frame with Polished Plexiglass - Use as 20x30 Frame with Mat or 24x34 Fram,Available,,36,0,0,AMFLAT,2025-04-02T13:44:55.487
Brampton,LX8511BLK,Americanflat 8.5x11 Thin Picture Frame in Black with Shatter Resistant Glass - Horizontal and Vertic,Available,,132,0,0,AMFLAT,2026-01-15T21:33:07.123
Brampton,LX8511BLK,Americanflat 8.5x11 Thin Picture Frame in Black with Shatter Resistant Glass - Horizontal and Vertic,Available,,36,0,0,AMFLAT,2026-01-15T21:33:07.123
Brampton,LX8511WHT,Americanflat 8.5x11 Picture Frame in White with Shatter Resistant Glass - Horizontal and Vertical Fo,Available,,12,0,0,AMFLAT,2026-01-15T21:45:43.533
Brampton,LX8511WHT,Americanflat 8.5x11 Picture Frame in White with Shatter Resistant Glass - Horizontal and Vertical Fo,Available,,168,0,0,AMFLAT,2026-01-15T21:45:43.533
Brampton,LX8514BLKNOMAT,LX without mat more sizes - 8.5x14,Available,,120,0,0,AMFLAT,2026-01-16T22:15:44.637
Brampton,MK-PD3-810-BK,Americanflat 4x6 Picture Frame in Black - Composite Wood with Shatter Resistant Glass,Available,,195,195,0,AMFLAT,2026-03-17T15:56:04.593
Brampton,MK-PD3-810-WH,Americanflat 4x6 Picture Frame in White - Composite Wood with Shatter Resistant Glass,Available,,90,0,0,AMFLAT,2026-03-17T15:56:41.937
Brampton,MW0816BK3,MW0816BK3,Available,,132,0,0,AMFLAT,2026-01-14T19:32:20.483
Brampton,MW0816BK357,"Americanflat 8x16 Collage Picture Frame, Three 5x7 Openings, Black",Held,,12,0,0,AMFLAT,2026-01-14T19:32:32.69
Brampton,MW0816BK357,"Americanflat 8x16 Collage Picture Frame, Three 5x7 Openings, Black",Available,,132,0,0,AMFLAT,2026-01-14T19:32:32.69
Brampton,MW0816BK357,"Americanflat 8x16 Collage Picture Frame, Three 5x7 Openings, Black",Available,,288,0,0,AMFLAT,2026-01-14T19:32:32.69
Brampton,MW0816BK357,"Americanflat 8x16 Collage Picture Frame, Three 5x7 Openings, Black",Available,,288,0,0,AMFLAT,2026-01-14T19:32:32.69
Brampton,MW0816BK357,"Americanflat 8x16 Collage Picture Frame, Three 5x7 Openings, Black",Available,,36,36,0,AMFLAT,2026-01-14T19:32:32.69
Brampton,MW0816BK357,"Americanflat 8x16 Collage Picture Frame, Three 5x7 Openings, Black",Available,,24,0,0,AMFLAT,2026-01-14T19:32:32.69
Brampton,MW0820BK446,"""Americanflat Black Collage Picture Frame Displays Four 4x6 inch Photos. Shatter-Resistant Glass. H""",Available,,180,0,0,AMFLAT,2026-03-17T15:57:18.647
Brampton,MW0820BK446,"""Americanflat Black Collage Picture Frame Displays Four 4x6 inch Photos. Shatter-Resistant Glass. H""",Available,,90,0,0,AMFLAT,2026-03-17T15:57:18.647
Brampton,MW0820BK446,"""Americanflat Black Collage Picture Frame Displays Four 4x6 inch Photos. Shatter-Resistant Glass. H""",Available,,10,10,0,AMFLAT,2026-03-17T15:57:18.647
Brampton,MW0824BK546,Americanflat 8x24 Collage Picture Frame with Five 4x6 Displays in Black - Composite Wood with Shatte,Available,,96,0,0,AMFLAT,2026-03-17T15:58:10.323
Brampton,MW0824BK546,Americanflat 8x24 Collage Picture Frame with Five 4x6 Displays in Black - Composite Wood with Shatte,Available,,240,0,0,AMFLAT,2026-03-17T15:58:10.323
Brampton,MW0824BK546,Americanflat 8x24 Collage Picture Frame with Five 4x6 Displays in Black - Composite Wood with Shatte,Available,,48,0,0,AMFLAT,2026-03-17T15:58:10.323
Brampton,MW0912WH68,MW0912WH68,Available,,60,0,0,AMFLAT,2026-03-17T15:59:22.423
Brampton,MW1111BK,MW1111BK,Available,,135,0,0,AMFLAT,2026-03-17T15:59:32.817
Brampton,MW1114WH57,MW1114WH57,Available,,204,0,0,AMFLAT,2026-01-14T19:34:50.27
Brampton,MW1117BK,MW1117BK,Available,,96,0,0,AMFLAT,2026-03-17T15:59:39.673
Brampton,MW1122BK,MW1122BK,Available,,70,0,0,AMFLAT,2026-01-14T19:33:38.437
Brampton,MW1236BLK,MW1236BLK,Available,,60,0,0,AMFLAT,2026-01-14T19:33:47.217
Brampton,MW1319WH,MW1319WH,Available,,20,0,0,AMFLAT,2026-03-17T16:00:16.16
Brampton,MW1319WH,MW1319WH,Available,,10,10,0,AMFLAT,2026-03-17T16:00:16.16
Brampton,MW1414BK,MW1414BK,Available,,60,0,0,AMFLAT,2026-03-17T16:00:25.363
Brampton,MW1414BK,MW1414BK,Available,,30,0,0,AMFLAT,2026-03-17T16:00:25.363
Brampton,MW8511BKC,MW8511BKC,Available,,120,0,0,AMFLAT,2026-03-17T16:00:33.287
Brampton,MW8511WH,MW8511WH,Available,,108,0,0,AMFLAT,2026-03-17T16:00:42.777
Brampton,PHFR28SMALL,PHFR28SMALL,Available,,104,0,0,AMFLAT,2026-01-14T19:19:13.29
Brampton,PHFR50LARGE,PHFR50LARGE,Available,,111,0,0,AMFLAT,2026-01-14T19:19:06.98
Brampton,PHFR50LARGE,PHFR50LARGE,Available,,78,0,0,AMFLAT,2026-01-14T19:19:06.98
Brampton,PRO_MW1114BK,PRO_MW1114BK,Available,,60,60,0,AMFLAT,2026-01-14T19:34:43.79
Brampton,PRO_MW1114BK,PRO_MW1114BK,Available,,312,0,0,AMFLAT,2026-01-14T19:34:43.79
Brampton,PRO_MW1114BK,PRO_MW1114BK,Available,,48,0,0,AMFLAT,2026-01-14T19:34:43.79
Brampton,PRO_MW1114BK,PRO_MW1114BK,Available,,324,0,0,AMFLAT,2026-01-14T19:34:43.79
Brampton,PRO_MW1114WH,PRO_MW1114WH,Available,,96,0,0,AMFLAT,2026-01-14T19:34:34.303
Brampton,PRO_MW1114WH,PRO_MW1114WH,Available,,276,0,0,AMFLAT,2026-01-14T19:34:34.303
Brampton,PS1114BK8102PK,PS1114BK8102PK,Available,,120,0,0,AMFLAT,2026-01-16T22:20:17.673
Brampton,PS1114BK8102PK,PS1114BK8102PK,Available,,144,0,0,AMFLAT,2026-01-16T22:20:17.673
Brampton,PS1218BLK5PKNOMAT,PS1218BLK5PKNOMAT,Available,,55,0,0,AMFLAT,2026-01-15T22:35:25.51
Brampton,PS1218BLK5PKNOMAT,PS1218BLK5PKNOMAT,Available,,60,0,0,AMFLAT,2026-01-15T22:35:25.51
Brampton,PS1218BLK5PKNOMAT,PS1218BLK5PKNOMAT,Available,,60,0,0,AMFLAT,2026-01-15T22:35:25.51
Brampton,PS1218BLK5PKNOMAT,PS1218BLK5PKNOMAT,Available,,60,0,0,AMFLAT,2026-01-15T22:35:25.51
Brampton,PS1319BK5PK,PS1319BK5PK,Available,,60,0,0,AMFLAT,2026-01-14T19:18:57.417
Brampton,PS1319BK5PK,PS1319BK5PK,Available,,45,0,0,AMFLAT,2026-01-14T19:18:57.417
Brampton,PS1319BK5PK,PS1319BK5PK,Available,,20,0,0,AMFLAT,2026-01-14T19:18:57.417
Brampton,PS1319BK5PK,PS1319BK5PK,Available,,45,0,0,AMFLAT,2026-01-14T19:18:57.417
Brampton,PS1319BK5PK,PS1319BK5PK,Available,,5,5,0,AMFLAT,2026-01-14T19:18:57.417
Brampton,PS1319BLK5PKNOMAT,PS1319BLK5PKNOMAT,Available,,70,0,0,AMFLAT,2026-01-14T19:18:50.82
Brampton,PS1319BLK5PKNOMAT,PS1319BLK5PKNOMAT,Available,,5,0,0,AMFLAT,2026-01-14T19:18:50.82
Brampton,PS1622BLK12182PK,PS1622BLK12182PK,Available,,42,0,0,AMFLAT,2026-01-19T15:30:35.947
Brampton,PS1622BLK12182PK,PS1622BLK12182PK,Available,,6,6,0,AMFLAT,2026-01-19T15:30:35.947
Brampton,PS1622BLK12182PK,PS1622BLK12182PK,Available,,24,0,0,AMFLAT,2026-01-19T15:30:35.947
Brampton,PS912BK5PK,PS912BK5PK,Available,,72,0,0,AMFLAT,2026-01-14T19:18:32.04
Brampton,SB0810BK,"Americanflat 8x10 Shadow Box Frame with Soft Linen Back - Display Memorabilia, Pins, Awards, Medals,",Available,,108,0,0,AMFLAT,2026-03-17T16:01:09.88
Brampton,SB1114WH,Americanflat 11x14 Shadow Box Frame in White with Soft Linen Back - Composite Wood with Shatter Resi,Available,,30,0,0,AMFLAT,2026-03-17T16:02:47.347
Brampton,SB1114WH,Americanflat 11x14 Shadow Box Frame in White with Soft Linen Back - Composite Wood with Shatter Resi,Available,,24,24,0,AMFLAT,2026-03-17T16:02:47.347
Brampton,SB1114WH,Americanflat 11x14 Shadow Box Frame in White with Soft Linen Back - Composite Wood with Shatter Resi,Available,,84,0,0,AMFLAT,2026-03-17T16:02:47.347
Brampton,SB1114WH,Americanflat 11x14 Shadow Box Frame in White with Soft Linen Back - Composite Wood with Shatter Resi,Available,,48,0,0,AMFLAT,2026-03-17T16:02:47.347
Brampton,SGFT0203BLK,SGFT0203BLK,Available,,198,0,0,AMFLAT,2026-03-17T00:48:20.263
Brampton,SHOW7174BLKOMBRE,SHOW7174BLKOMBRE,Available,,60,0,0,AMFLAT,2026-01-14T19:18:18.493
Brampton,SHOW7174BLUOMBRE,SHOW7174BLUOMBRE,Available,,60,0,0,AMFLAT,2026-01-14T19:18:11.43
Brampton,SHOW7174GRNOMBRE,SHOW7174GRNOMBRE,Available,,60,0,0,AMFLAT,2026-01-14T19:18:00.063
Brampton,SHOW7174PNKOMBRE,SHOW7174PNKOMBRE,Available,,60,0,0,AMFLAT,2026-01-14T19:17:52.943
Brampton,SHOW7174SBGD,SHOW7174SBGD,Available,,20,20,0,AMFLAT,2026-01-14T19:17:40.167
Brampton,SHOW7174SBGD,SHOW7174SBGD,Available,,20,0,0,AMFLAT,2026-01-14T19:17:40.167
Brampton,SHOW7174SBLU,SHOW7174SBLU,Available,,60,0,0,AMFLAT,2026-01-14T19:17:21.6
Brampton,SHOW7174SGRY,SHOW7174SGRY,Available,,60,0,0,AMFLAT,2026-01-14T19:17:14.837
Brampton,SHOW7174SGRYOMBRE,SHOW7174SGRYOMBRE,Available,,40,0,0,AMFLAT,2026-01-14T19:17:04.39
Brampton,SHOW7174SSGRN,SHOW7174SSGRN,Available,,60,0,0,AMFLAT,2026-01-14T19:16:56.853
Brampton,SIFBLK11143PK,"Americanflat 11x14 Picture Frame in Black - Set of 3 - 11x14 Frame with Slimline Molding, Plexiglass",Available,,238,0,0,AMFLAT,2025-04-02T16:46:52.177
Brampton,SIFBLK11143PK,"Americanflat 11x14 Picture Frame in Black - Set of 3 - 11x14 Frame with Slimline Molding, Plexiglass",Available,,6,0,0,AMFLAT,2025-04-11T18:36:43.593
Brampton,SIFBLK11173PK,"Americanflat 11x17 Picture Frame in Black - Set of 3 - 11x17 Frame with Slimline Molding, Plexiglass",Available,,210,0,0,AMFLAT,2025-04-01T17:01:14.29
Brampton,SIFBLK11173PK,"Americanflat 11x17 Picture Frame in Black - Set of 3 - 11x17 Frame with Slimline Molding, Plexiglass",Available,,224,0,0,AMFLAT,2025-04-01T17:01:14.29
Brampton,SIFBLK11173PK,"Americanflat 11x17 Picture Frame in Black - Set of 3 - 11x17 Frame with Slimline Molding, Plexiglass",Available,,217,0,0,AMFLAT,2025-04-01T17:01:14.29
Brampton,SIFBLK11173PK,"Americanflat 11x17 Picture Frame in Black - Set of 3 - 11x17 Frame with Slimline Molding, Plexiglass",Available,,154,0,0,AMFLAT,2025-04-01T17:01:14.29
Brampton,SIFBLK11173PK,"Americanflat 11x17 Picture Frame in Black - Set of 3 - 11x17 Frame with Slimline Molding, Plexiglass",Available,,224,0,0,AMFLAT,2025-04-01T17:01:14.29
Brampton,SIFBLK11173PK,"Americanflat 11x17 Picture Frame in Black - Set of 3 - 11x17 Frame with Slimline Molding, Plexiglass",Available,,224,0,0,AMFLAT,2025-04-01T17:01:14.29
Brampton,SIFBLK11173PK,"Americanflat 11x17 Picture Frame in Black - Set of 3 - 11x17 Frame with Slimline Molding, Plexiglass",Available,,70,0,0,AMFLAT,2025-04-01T17:01:14.29
Brampton,SIFBLK12163PK,"Americanflat 12x16 Picture Frame in Black - Set of 3 - 12x16 Frame with Slimline Molding, Plexiglass",Available,,91,0,0,AMFLAT,2025-04-01T16:36:28.333
Brampton,SIFBLK12163PK,"Americanflat 12x16 Picture Frame in Black - Set of 3 - 12x16 Frame with Slimline Molding, Plexiglass",Available,,252,0,0,AMFLAT,2025-04-01T16:36:28.333
Brampton,SIFBLK12163PK,"Americanflat 12x16 Picture Frame in Black - Set of 3 - 12x16 Frame with Slimline Molding, Plexiglass",Available,,252,0,0,AMFLAT,2025-04-01T16:36:28.333
Brampton,SIFBLK12163PK,"Americanflat 12x16 Picture Frame in Black - Set of 3 - 12x16 Frame with Slimline Molding, Plexiglass",Available,,189,0,0,AMFLAT,2025-04-01T16:36:28.333
Brampton,SIFBLK12163PK,"Americanflat 12x16 Picture Frame in Black - Set of 3 - 12x16 Frame with Slimline Molding, Plexiglass",Available,,238,0,0,AMFLAT,2025-04-01T16:36:28.333
Brampton,SIFBLK12183PK,"Americanflat 12x18 Poster Frame in Black - Set of 3 - 12x18 Frame with Slimline Molding, Plexiglass",Available,,7,0,0,AMFLAT,2025-04-11T15:11:58.803
Brampton,SIFBLK13193PK,"Americanflat 13x19 Picture Frame in Black - Set of 3 - 13x19 Frame with Slimline Molding, Plexiglass",Available,,63,0,0,AMFLAT,2026-01-16T18:55:21.52
Brampton,SIFBLK20303PK,"Americanflat 20x30 Poster Frame in Black - Set of 3 - 20x30 Frame with Slimline Molding, Plexiglass",Available,,63,0,0,AMFLAT,2025-04-01T17:01:54.37
Brampton,SIFBLK20303PK,"Americanflat 20x30 Poster Frame in Black - Set of 3 - 20x30 Frame with Slimline Molding, Plexiglass",Available,,66,0,0,AMFLAT,2025-04-01T17:01:54.37
Brampton,SIFBLK20303PK,"Americanflat 20x30 Poster Frame in Black - Set of 3 - 20x30 Frame with Slimline Molding, Plexiglass",Available,,69,0,0,AMFLAT,2025-04-01T17:01:54.37
Brampton,SIFBLK20303PK,"Americanflat 20x30 Poster Frame in Black - Set of 3 - 20x30 Frame with Slimline Molding, Plexiglass",Available,,66,0,0,AMFLAT,2025-04-01T17:01:54.37
Brampton,SIFBLK24363PK,"Americanflat 24x36 Poster Frame in Black - Set of 3 - 24x36 Frame with Slimline Molding, Plexiglass",Available,,21,0,0,AMFLAT,2025-04-01T17:03:02.73
Brampton,SIFBLK24363PK,"Americanflat 24x36 Poster Frame in Black - Set of 3 - 24x36 Frame with Slimline Molding, Plexiglass",Available,,30,0,0,AMFLAT,2025-04-01T17:03:02.73
Brampton,SIFBLK24363PK,"Americanflat 24x36 Poster Frame in Black - Set of 3 - 24x36 Frame with Slimline Molding, Plexiglass",Available,,15,0,0,AMFLAT,2025-04-01T17:03:02.73
Brampton,SIFBLK24363PK,"Americanflat 24x36 Poster Frame in Black - Set of 3 - 24x36 Frame with Slimline Molding, Plexiglass",Available,,33,0,0,AMFLAT,2025-04-01T17:03:02.73
Brampton,SIFF1616BLK57,0,Available,,90,0,0,AMFLAT,2026-01-16T19:44:19.563
Brampton,SIFF2020BLK810,0,Available,,12,0,0,AMFLAT,2026-01-27T16:17:11.727
Brampton,WB0810DFBLK,WB0810DFBLK,Available,,60,0,0,AMFLAT,2026-01-14T19:38:56.577
Brampton,WB0810DFBLK,WB0810DFBLK,Available,,10,10,0,AMFLAT,2026-01-14T19:38:56.577
Brampton,WB1218WHPC,WB1218WHPC,Available,,60,0,0,AMFLAT,2026-01-14T19:16:36.32
Brampton,WB1824PBRASS,WB1824PBRASS,Available,,42,0,0,AMFLAT,2026-01-14T19:16:13.763
Brampton,WB1824WALNUT,WB1824WALNUT,Available,,54,54,0,AMFLAT,2026-01-14T19:16:03.543
Brampton,WB1824WHPC,WB1824WHPC,Available,,24,0,0,AMFLAT,2026-01-14T19:15:22.257
Brampton,WB2024BKPC,WB2024BKPC,Available,,48,48,0,AMFLAT,2026-01-14T19:15:55.35
Brampton,WB2030PBRASS,WB2030PBRASS,Available,,32,0,0,AMFLAT,2026-01-14T19:38:38.863
Brampton,WB2030WHPC,WB2030WHPC,Available,,48,0,0,AMFLAT,2026-01-14T19:38:19.037
Brampton,WB2030WHPC,WB2030WHPC,Available,,4,4,0,AMFLAT,2026-01-14T19:38:19.037
Brampton,WB2228BKPC,WB2228BKPC,Available,,4,4,0,AMFLAT,2026-01-14T19:37:40.89
Brampton,WB2228BKPC,WB2228BKPC,Available,,4,0,0,AMFLAT,2026-01-14T19:37:40.89
Brampton,WB2228BKPC,WB2228BKPC,Available,,56,0,0,AMFLAT,2026-01-14T19:37:40.89
Brampton,WB2436MAHPC,WB2436MAHPC,Available,,56,0,0,AMFLAT,2026-01-14T19:37:58.877
Brampton,WB2436MAHPC,WB2436MAHPC,Available,,16,0,0,AMFLAT,2026-01-14T19:37:58.877
Brampton,WB2436PBRASSPC,WB2436PBRASSPC,Available,,12,0,0,AMFLAT,2026-01-14T19:37:50.577
Brampton,WB2436PBRASSPC,WB2436PBRASSPC,Available,,4,4,0,AMFLAT,2026-01-14T19:37:50.577
Brampton,WB2436PBRASSPC,WB2436PBRASSPC,Available,,48,0,0,AMFLAT,2026-01-14T19:37:50.577
Brampton,WMW0810BLK57,WMW0810BLK57,Available,,435,0,0,AMFLAT,2026-03-17T16:05:46.14
Brampton,WMW2228BLK1824,WMW2228BLK1824,Available,,24,0,0,AMFLAT,2026-03-17T16:06:04.593
Brampton,WMW2228BLK1824,WMW2228BLK1824,Available,,18,0,0,AMFLAT,2026-03-17T16:06:04.593
Brampton,WMW2434BLK2030,WMW2434BLK2030,Available,,30,0,0,AMFLAT,2026-03-17T16:06:12.83
Brampton,WMW2434BLK2030,WMW2434BLK2030,Available,,30,0,0,AMFLAT,2026-03-17T16:06:12.83
Brampton,WMW2434BLK2030,WMW2434BLK2030,Available,,10,10,0,AMFLAT,2026-03-17T16:06:12.83
Brampton,WMW2840BLK2436,WMW2840BLK2436,Available,,8,8,0,AMFLAT,2026-03-17T16:06:25.7
Brampton,WMW2840BLK2436,WMW2840BLK2436,Available,,8,0,0,AMFLAT,2026-03-17T16:06:25.7
Brampton,WMW2840BLK2436,WMW2840BLK2436,Available,,48,0,0,AMFLAT,2026-03-17T16:06:25.7
