AMZ SKU,MP SKU
MW0507BK46,MP-MDF-0507-BLACK-46
MW0507BK2PK,MP-MDF-0507-BLACK-46-2PK
MW0808BK,MP-MDF-0808-BLACK-44
MW0808BK2PK,MP-MDF-0808-BLACK-44-2PK
MK-PD3-810-BK,MP-MDF-0810-BLACK-0507
MK-PD3-810-BK2PK,MP-MDF-0810-BLACK-0507-2PK
MW0812BK,MP-MDF-0812-BLACK
MW0812BK2PK,MP-MDF-0812-BLACK-2PK
MW0912BK68,MP-MDF-0912-BLACK-68
MW0912BK682PK,MP-MDF-0912-BLACK-68-2PK
MW1114BK2PK,MP-MDF-1114-BLACK-0810-2PK
PRO_MW1114BK,MP-MDF-1114-BLACK-810
MW1117BK,MP-MDF-1117-BLACK
MW1117BK2PK,MP-MDF-1117-BLACK-2PK
MW1216BK812,MP-MDF-1216-BLACK-812
MW1216BK8122PK,MP-MDF-1216-BLACK-812-2PK
MW1218BK,MP-MDF-1218-BLACK
MW1218BK2PK,MP-MDF-1218-BLACK-2PK
MW1319BK,MP-MDF-1319-BLACK
MW1319BK2PK,MP-MDF-1319-BLACK-2PK
WB1620BKPC,MP-MDF-1620-BLACK
WB1824BKPC,MP-MDF-1824-BLACK
WB2030BKPC,MP-MDF-2030-BLACK
WB2436BKPC,MP-MDF-2436-BLACK
MW8511BKC,MP-MDF-8511-BLACK
DF0811B,MP-MDF-DF-1114-BLACK-8511
DF0811B2PK,MP-MDF-DF-1114-BLACK-8511-2PK
KAF8511BK,MP-MDF-KAF-8511-BLACK
KAFBLK-2PACK,MP-MDF-KAF-8511-BLACK-2PK
PS1114BK5PK,MP-PS-1114-BLACK-810-5PK
PS1117BK5PK,MP-PS-1117-BLACK-915-5PK
PS1216BK5PK,MP-PS-1216-BLACK-8511-5PK
PS1218BK5PK,MP-PS-1218-BLACK-1117-5PK
PS1319BK5PK,MP-PS-1319-BLACK-1117-5PK
PS1620BK5PK,MP-PS-1620-BLACK-1114-5PK
SB0810BK,MP-SB-0810-BLACK
SB0810OAK,MP-SB-0810-NAOAK
SB1114BK,MP-SB-1114-BLACK
SB1114OAK,MP-SB-1114-NAOAK
MW8511BKC2PK,MP-MDF-8511-BLACK-2PK
MWBK10PACK,MP-MDF-BLACK-10PK
PS810BK5PK,MP-PS-810-BLACK-57-5PK
PS812BK5PK,MP-PS-812-BLACK-68-5PK
PS912BK5PK,MP-PS-912-BLACK-68-5PK
SB1216BLK,MP-SB-1216-BLACK
SB1620BLK,MP-SB-1620-BLACK
LX1216BLK46,MP-LX-1216-BLACK-46
LX1414BLK46,MP-LX-1414-BLACK-46
LX1418BLK57,MP-LX-1418-BLACK-57
LX1616BLK57,MP-LX-1616-BLACK-57
LX1620BLK68,MP-LX-1620-BLACK-68
LX1824BLK810,MP-LX-1824-BLACK-810
LX2020BLK810NF,MP-LX-2020-BLACK-810NF
LX2026BLK1114,MP-LX-2026-BLACK-1114
LX2424BLK1114,MP-LX-2424-BLACK-1114
LX2424BLK1114,MPLX2424BLK1114BLK
KAF8511PBRASS,MP-MDF-KAF-10125-PBRASS-8511
JRSYDCBLK,MP-MDF-JRSY-2331-BLACK
STF0406BLK,MP-MDF-STF-0406-BLACK
STF0507BLK,MP-MDF-STF-0507-BLACK
STF0810BLK,MP-MDF-STF-0810-BLACK
STF1114BLK,MP-MDF-STF-1114-BLACK
STF1117BLK,MP-MDF-STF-1117-BLACK
STF1216BLK,MP-MDF-STF-1216-BLACK
STF1218BLK,MP-MDF-STF-1218-BLACK
STF8511BLK,MP-MDF-STF-8511-BLACK
WB1218BKPC,MP-MDF-WB-1218-BLACK
LX8511BLK,MP-PVC-LX-8511-BLACK
SB0507BK,MP-SB-0507-BLACK
SB1111BK,MP-SB-1111-BLACK
SB1114PBRASS,MP-SB-1114-PBRASS
SB8511BK,MP-SB-8511-BLACK
SIFBLK11143PK,MP-ABS-SIF-1114-BLACK-3PK
SIFBLK11173PK,MP-ABS-SIF-1117-BLACK-3PK
SIFBLK12163PK,MP-ABS-SIF-1216-BLACK-3PK
SIFBLK12183PK,MP-ABS-SIF-1218-BLACK-3PK
SIFBLK13193PK,MP-ABS-SIF-1319-BLACK-3PK
SIFBLK16203PK,MP-ABS-SIF-1620-BLACK-3PK
SIFBLK16243PK,MP-ABS-SIF-1624-BLACK-3PK
SIFBLK18243PK,MP-ABS-SIF-1824-BLACK-3PK
SIFBLK20243PK,MP-ABS-SIF-2024-BLACK-3PK
SIFBLK20283PK,MP-ABS-SIF-2028-BLACK-3PK
SIFBLK20303PK,MP-ABS-SIF-2030-BLACK-3PK
SIFBLK22283PK,MP-ABS-SIF-2228-BLACK-3PK
SIFBLK24363PK,MP-ABS-SIF-2436-BLACK-3PK
ALUFF0507BLK,MP-ALU-FF-0507-BLACK
ALUFF0507BLK2PK,MP-ALU-FF-0507-BLACK-2PK
ALUFF0810BLK,MP-ALU-FF-0810-BLACK
ALUFF0810BLK2PK,MP-ALU-FF-0810-BLACK-2PK
ALUFF1114BLK,MP-ALU-FF-1114-BLACK
ALUFF1114BLK2PK,MP-ALU-FF-1114-BLACK-2PK
ALUFF1620BLK,MP-ALU-FF-1620-BLACK
ALUFF1620BLK2PK,MP-ALU-FF-1620-BLACK-2PK
CCF0406BLK,MP-MDF-CCF-0406-BLACK
CCF0507BLK46,MP-MDF-CCF-0507-BLACK-46
CCF0808BLK44,MP-MDF-CCF-0808-BLACK-44
CCF0810BLK57,MP-MDF-CCF-0810-BLACK-57
CCF1114BLK810,MP-MDF-CCF-1114-BLACK-810
CCF1114BLK8511,MP-MDF-CCF-1114-BLACK-8511
CCF1117BLK,MP-MDF-CCF-1117-BLACK
CCF1212BLK88,MP-MDF-CCF-1212-BLACK-88
CCF1216BLK,MP-MDF-CCF-1216-BLACK
CCF8511BLK,MP-MDF-CCF-8511-BLACK
CDF6512BLK,MP-MDF-CDF-6512-BLACK
CFF0912BLK246,MP-MDF-CFF-0912-BLACK-246
CFF0917BLK346,MP-MDF-CFF-0917-BLACK-346
CFF1014BLK257,MP-MDF-CFF-1014-BLACK-257
CFF1020BLK357,MP-MDF-CFF-1020-BLACK-357
FFM12515BLK,MP-MDF-FFM-12515-BLACK
FFM1526BLK,MP-MDF-FFM-1526-BLACK
FFM165165BLK,MP-MDF-FFM-165165-BLACK
FFM95125BLK,MP-MDF-FFM-95125-BLACK
RAF1515BLK,MP-MDF-RAF-1515-BLACK
RAF25165BLK,MP-MDF-RAF-25165-BLACK
SG0808BLK446PK,MP-MDF-SG-0808-BLACK-44-6PK
SG0808BLK449K,MP-MDF-SG-0808-BLACK-44-9PK
ABS0406BK12PK,MP-ABS-0406-BLACK-12PK
ABS0406BK6PK,MP-ABS-0406-BLACK-6PK
ABS0507BK4612PK,MP-ABS-0507-BLACK-46-12PK
ABS0507BK466PK,MP-ABS-0507-BLACK-46-6PK
ABS0507BK6PK,MP-ABS-0507-BLACK-6PK
ABS0810BK576PK,MP-ABS-0810-BLACK-57-6PK
ABS0810BK6PK,MP-ABS-0810-BLACK-6PK
ABS1114BK3PK,MP-ABS-1114-BLACK-3PK
ABS1114BK8103PK,MP-ABS-1114-BLACK-810-3PK
ABS1117BK3PK,MP-ABS-1117-BLACK-3PK
ABS1216BK3PK,MP-ABS-1216-BLACK-3PK
ABS1216BK8123PK,MP-ABS-1216-BLACK-812-3PK
ABS1218BK3PK,MP-ABS-1218-BLACK-3PK
ABS1319BK11173PK,MP-ABS-1319-BLACK-1117-3PK
ABS1319BK3PK,MP-ABS-1319-BLACK-3PK
ABS8511BK6PK,MP-ABS-8511-BLACK-6PK
A2BLK,MP-MDF-A2-BLACK
A3BK,MP-MDF-A3-BLACK
A4BK,MP-MDF-A4-BLACK
A5BK,MP-MDF-A5-BLACK
DF05074PKMOD46,MP-MDF-DISTF-0507-MOD-46-4PK
DF05074PKRUS46,MP-MDF-DISTF-0507-RUS-46-4PK
DF08104PKMOD57,MP-MDF-DISTF-0810-MOD-57-4PK
DF08104PKRUS57,MP-MDF-DISTF-0810-RUS-57-4PK
DF11144PKMOD810,MP-MDF-DISTF-1114-MOD-810-4PK
DF11144PKRUS810,MP-MDF-DISTF-1114-RUS-810-4PK
FF0507BK,MP-MDF-FF-0507-BLACK
FF0810BK,MP-MDF-FF-0810-BLACK
FF1114BK,MP-MDF-FF-1114-BLACK
FF1218BK,MP-MDF-FF-1218-BLACK
FF8511BK,MP-MDF-FF-8511-BLACK
FLAGCASEBLK,MP-MDF-FLAGCASE-BLACK
FLAGCASEBLKSMALL,MP-MDF-FLAGCASE-BLACK-SMALL
FLAGCASEBWOOD,MP-MDF-FLAGCASE-BWOOD
FY-QT0T-QWY2_2PK,MP-ALU-FY-125125-BLACK-2PK
MW0406BK3HINGE,MP-MDF-3HG-0406-BLACK
MK-PD6-46X2-BK,MP-MDF-HG-0406-BLACK
HGMW0507BK,MP-MDF-HG-0507-BLACK
HGMW0810BK,MP-MDF-HG-0810-BLACK
SBD0810BLK,MP-MDF-SBD-0810-BLACK
SBD0810GRYWOOD,MP-MDF-SBD-0810-GWOOD
SBD0810RUSBR,MP-MDF-SBD-0810-RUSBR
SBD1114BLK,MP-MDF-SBD-1114-BLACK
SBD1114GRYWOOD,MP-MDF-SBD-1114-GWOOD
SBD1114RUSBR,MP-MDF-SBD-1114-RUSBR
LX1824BLK,MP-PVC-LX-1824-BLACK
LX2024BLK,MP-PVC-LX-2024-BLACK
GSD0507BLK,MP-WPC-GSD-0507-BLACK
GSD0507BLK46,MP-WPC-GSD-0507-BLACK-46
GSD0608BLK57,MP-WPC-GSD-0608-BLACK-57
GSD0808BLK44,MP-WPC-GSD-0808-BLACK-44
GSD0810BLK,MP-WPC-GSD-0810-BLACK
GSD0810BLK57,MP-WPC-GSD-0810-BLACK-57
GSD0812BLK,MP-WPC-GSD-0812-BLACK
GSD1010BLK88,MP-WPC-GSD-1010-BLACK-88
GSD1114BLK,MP-WPC-GSD-1114-BLACK
GSD1114BLK810,MP-WPC-GSD-1114-BLACK-810
GSD1216BLK812,MP-WPC-GSD-1216-BLACK-812
GSD1218BLK,MP-WPC-GSD-1218-BLACK
GSD1218BLK1117,MP-WPC-GSD-1218-BLACK-1117
GSD1620BLK,MP-WPC-GSD-1620-BLACK
GSD1620BLK1114,MP-WPC-GSD-1620-BLACK-1114
GSD1624BLK,MP-WPC-GSD-1624-BLACK
GSD1824BLK,MP-WPC-GSD-1824-BLACK
GSD2024BLK1620,MP-WPC-GSD-2024-BLACK-1620
GSD2028BLK,MP-WPC-GSD-2028-BLACK
GSD2028BLK1624,MP-WPC-GSD-2028-BLACK-1624
GSD2030BLK,MP-WPC-GSD-2030-BLACK
GSD2228BLK1824,MP-WPC-GSD-2228-BLACK-1824
GSD2436BLK,MP-WPC-GSD-2436-BLACK
GSD2436BLK2030,MP-WPC-GSD-2436-BLACK-2030
GSD2840BLK2436,MP-WPC-GSD-2840-BLACK-2436
GSD8511BLK,MP-WPC-GSD-8511-BLACK
IFBLK0406DW1,MP-PVC-IF-0406-BLACK-DW1
IFBLK0406DW1-2PK,MP-PVC-IF-0406-BLACK-DW1-2PK
IFBLK0406DW1-4PK,MP-PVC-IF-0406-BLACK-DW1-4PK
IFBLK7118DW3,MP-PVC-IF-0712-BLACK-DW3
IFBLK0911DW4,MP-PVC-IF-0911-BLACK-DW4
IFBLK1520DW16,MP-PVC-IF-1520-BLACK-DW16
IFBLK2134,MP-PVC-IF-2134-BLACK
IFBLK2134NOMAT2PK,MP-PVC-IF-2134-BLACK-2PK
IFBLK2134NOMAT4PK,MP-PVC-IF-2134-BLACK-4PK
ALU1218BLK1117,MP-ALU-AL-1218-BLACK-1117
ALU1319BLK1117,MP-ALU-AL-1319-BLACK-1117
1S-P763-BBCX,MP-MDF-DF-1114-MAH-8511
GSK0404BLK12PK,MP-MDF-GSK-0404-BLACK-12PK
GSK0505BLK12PK,MP-MDF-GSK-0505-BLACK-12PK
GSK0606BLK12PK,MP-MDF-GSK-0606-BLACK-12PK
GSK0808BLK12PK,MP-MDF-GSK-0808-BLACK-12PK
GSK0810BK6PK,MP-MDF-GSK-0810-BLACK-6PK
GSK8511BLK12PK,MP-MDF-GSK-8511-BLACK-12PK
KAF8511BK4PK,MP-MDF-KAF-10125-BLACK-8511-4PK
KAFBLK2OP,MP-MDF-KAF-13516-BLACK-2OP
KAFSLD8511BLK,MP-MDF-KAFSLD-8511-BLACK
KAFSLD8511BLK2OP,MP-MDF-KAFSLD-8511-BLACK-2OP
KAFTT8511BLK,MP-MDF-KAFTT-8511-BLACK
MWBK07MULTIPK,MP-MDF-MW-1114-BLACK-7SET
MW1122BK2PK,MP-MDF-MW-1122-BLACK-2PK
GSK0406BK12PK,MP-MDF-GSK-0406-BLACK-12PK
GSK0608BLK12PK,MP-MDF-GSK-0608-BLACK-12PK
GSK0810BK12PK,MP-MDF-GSK-0810-BLACK-12PK
GSK0812BLK12PK,MP-MDF-GSK-0812-BLACK-12PK
GSK1114BLK12PK,MP-MDF-GSK-1114-BLACK-12PK
MW0816BK357,MP-MDF-MW-0816-BLACK-57-3OP
MW1114BK546,MP-MDF-MW-1114-BLACK-46-5OP
MW1114BK57,MP-MDF-MW-1114-BLACK-57
WMW0808BLK44,MP-MDF-WMW-0808-BLACK-44
WMW0808NAOAK44,MP-MDF-WMW-0808-NAOAK-44
WMW0810BLK57,MP-MDF-WMW-0810-BLACK-57
WMW0810NAOAK57,MP-MDF-WMW-0810-NAOAK-57
WMW1114BLK810,MP-MDF-WMW-1114-BLACK-810
WMW1114NAOAK810,MP-MDF-WMW-1114-NAOAK-810
WMW1117BLK812,MP-MDF-WMW-1117-BLACK-812
WMW1117NAOAK812,MP-MDF-WMW-1117-NAOAK-812
WMW1218BLK1117,MP-MDF-WMW-1218-BLACK-1117
WMW1218NAOAK1117,MP-MDF-WMW-1218-NAOAK-1117
WMW1319BLK1117,MP-MDF-WMW-1319-BLACK-1117
WMW1616BLK1212,MP-MDF-WMW-1616-BLACK-1212
WMW1620BLK1114,MP-MDF-WMW-1620-BLACK-1114
WMW1624BLK1218,MP-MDF-WMW-1624-BLACK-1218
WMW1824BLK1218,MP-MDF-WMW-1824-BLACK-1218
WMW2024BLK1620,MP-MDF-WMW-2024-BLACK-1620
WMW2028BLK1624,MP-MDF-WMW-2028-BLACK-1624
WMW2228BLK1824,MP-MDF-WMW-2228-BLACK-1824
WMW2840BLK2436,MP-MDF-WMW-2840-BLACK-2436
PS0507BLK462PK,MP-PVC-PS-0507-BLACK-46-2PK
PS0507BLK465PK,MP-PVC-PS-0507-BLACK-46-5PK
MW0507BK3HINGE,MP-MDF-3HG-0507-BLACK
A3BLK-2PACK,MP-MDF-A3-BLACK-2PK
A4BLK-2PACK,MP-MDF-A4-BLACK-2PK
GSK0406BK6PK,MP-MDF-GSK-0406-BLACK-6PK
GSK0507BK6PK,MP-MDF-GSK-0507-BLACK-6PK
GSK0811BLK12PK,MP-MDF-GSK-0811-BLACK-12PK
MW0816BK3,MP-MDF-MW-0814-BLACK-46-3OP
MW1122BK,MP-MDF-MW-1122-BLACK
MW0304PACKBK7,MP-MDF-MW-1216-BLACK-7SET
WB1620BLK1114,MP-MDF-WB-1620-BLACK-1114
WB1622BLK1218,MP-MDF-WB-1622-BLACK-1218
WB1624BLK,MP-MDF-WB-1624-BLACK
WB1722BLKPC,MP-MDF-WB-1722-BLACK
WB0406DFBLK3OP,MP-MDF-WBDIST-0406-DBLACK-3OP
WB0406DFBL3OP,MP-MDF-WBDIST-0406-DBLUE-3OP
WB0406DFWH3OP,MP-MDF-WBDIST-0406-DWHITE-3OP
WB0507DFBLK,MP-MDF-WBDIST-0507-DBLACK
WB0507DFBLK2OP,MP-MDF-WBDIST-0507-DBLACK-2OP
WB0507DFBL,MP-MDF-WBDIST-0507-DBLUE
WB0507DFBL2OP,MP-MDF-WBDIST-0507-DBLUE-2OP
WB0507DFWH2OP,MP-MDF-WBDIST-0507-DWHITE-2OP
WB0608DFBLK,MP-MDF-WBDIST-0608-DBLACK
WB0608DFBL,MP-MDF-WBDIST-0608-DBLUE
WB0608DFWH,MP-MDF-WBDIST-0608-DWHITE
WB0810DFBLK,MP-MDF-WBDIST-0810-DBLACK
WB0810DFBL,MP-MDF-WBDIST-0810-DBLUE
WB0810DFWH,MP-MDF-WBDIST-0810-DWHITE
WB0912DFBLK,MP-MDF-WBDIST-0912-DBLACK
WB0912DFBL,MP-MDF-WBDIST-0912-DBLUE
WB0912DFWH,MP-MDF-WBDIST-0912-DWHITE
WB1114DFBLK,MP-MDF-WBDIST-1114-DBLACK
WB1114DFBL,MP-MDF-WBDIST-1114-DBLUE
WB1218DFBLK,MP-MDF-WBDIST-1218-DBLACK
WB1218DFBL,MP-MDF-WBDIST-1218-DBLUE
WB1620DFBLK,MP-MDF-WBDIST-1620-DBLACK
WB1620DFBL,MP-MDF-WBDIST-1620-DBLUE
WB1824DFBLK,MP-MDF-WBDIST-1824-DBLACK
WB1824DFBL,MP-MDF-WBDIST-1824-DBLUE
ABS0507BK12PK,MP-ABS-0507-BLACK-12PK
ABS1620BK11142PK,MP-ABS-1620-BLACK-1114-2PK
ABS1620BK2PK,MP-ABS-1620-BLACK-2PK
MK-PD3-810-BK2,MP-MDF-810-BLACK-46-2OP
GSK0507BK12PK,MP-MDF-GSK-0507-BLACK-12PK
HPDISBLK,MP-MDF-HPD-30-BLACK
HPDISCHKBDBLK,MP-MDF-HPD-36-BLACK-816
MW0820BK446,MP-MDF-MW-0820-BLACK-46-4OP
MW0824BK546,MP-MDF-MW-0824-BLACK-46-5OP
MW1020BLK357,MP-MDF-MW-1020-BLACK-57-3OP
MW1114BK2,MP-MDF-MW-1114-BLACK-57-2OP
MW1414BK,MP-MDF-MW-1414-BLACK-57
MW1414BK2PK,MP-MDF-MW-1414-BLACK-57-2PK
WB1224BLK,MP-MDF-WB-1224-BLACK
WB1420BLK1117,MP-MDF-WB-1420-BLACK-1117
WB1620BLK1216,MP-MDF-WB-1620-BLACK-1216
WB1620BLKPC1417,MP-MDF-WB-1620-BLACK-1417
WB1622BLK,MP-MDF-WB-1622-BLACK
WB1927BLKPC,MP-MDF-WB-1927-BLACK
WB2024BKPC,MP-MDF-WB-2024-BLACK
WB2024BLK1620,MP-MDF-WB-2024-BLACK-1620
WB2028BLK1624,MP-MDF-WB-2028-BLACK-1624
WB2228BLK1824,MP-MDF-WB-2228-BLACK-1824
WB2424BLKPC,MP-MDF-WB-2424-BLACK
WB2424BLK2020,MP-MDF-WB-2424-BLACK-2020
WB2432BLKPC,MP-MDF-WB-2432-BLACK
WB2434BLK2030,MP-MDF-WB-2434-BLACK-2030
WB2436NAOAK,MP-MDF-WB-2436-NAOAK
WB2840BLK2436,MP-MDF-WB-2840-BLACK-2436
WMW0507BLK46,MP-MDF-WMW-0507-BLACK-46
WMW0507NAOAK46,MP-MDF-WMW-0507-NAOAK-46
CODBLK1204,MP-PW-COD-1204-BLACK
MW0406BK2PK,MP-MDF-0406-BLACK-2PK
WMW1624NAOAK1218,MP-MDF-WMW-1624-NAOAK-1218
PS0810BLK2PK,MP-PS-0810-BLACK-2PK
FLAGCASEBWOODSMALL2,MP-MDF-FLAGCASE-BWOOD-SMALL2
CF1620BLK9OP,MP-MDF-CF-1620-BLACK-9OP
CF2020BLK11OP,MP-MDF-CF-2020-BLACK-11OP
PS0404BLK5PKNOMAT,MP-PVC-PS-0404-BLACK-5PK
PS0406BLK5PKNOMAT,MP-PVC-PS-0406-BLACK-5PK
PS0507BLK5PKNOMAT,MP-PVC-PS-0507-BLACK-5PK
PS0606BLK5PKNOMAT,MP-PVC-PS-0606-BLACK-5PK
PS0608BLK5PKNOMAT,MP-PVC-PS-0608-BLACK-5PK
PS0707BLK442PK,MP-PVC-PS-0707-BLACK-44-2PK
PS0707BLK445PK,MP-PVC-PS-0707-BLACK-44-5PK
PS0810BK572PK,MP-PVC-PS-0810-BLACK-57-2PK
PS0810BLK5PKNOMAT,MP-PVC-PS-0810-BLACK-5PK
PS0810NAOAK572PK,MP-PVC-PS-0810-NAOAK-57-2PK
PS0810NAOAK575PK,MP-PVC-PS-0810-NAOAK-57-5PK
PS0811BLK5PKNOMAT,MP-PVC-PS-0811-BLACK-5PK
PS0812BLK5PKNOMAT,MP-PVC-PS-0812-BLACK-5PK
PS0812BK682PK,MP-PVC-PS-0812-BLACK-68-2PK
PS0812NAOAK682PK,MP-PVC-PS-0812-NAOAK-68-2PK
PS0812NAOAK685PK,MP-PVC-PS-0812-NAOAK-68-5PK
PS0909BLK665PK,MP-PVC-PS-0909-BLACK-66-5PK
PS0912BLK5PKNOMAT,MP-PVC-PS-0912-BLACK-5PK
PS0912BK682PK,MP-PVC-PS-0912-BLACK-68-2PK
PS0912NAOAK682PK,MP-PVC-PS-0912-NAOAK-68-2PK
PS0912NAOAK685PK,MP-PVC-PS-0912-NAOAK-68-5PK
PS1010BLK5PKNOMAT,MP-PVC-PS-1010-BLACK-5PK
PS1114BLK5PKNOMAT,MP-PVC-PS-1114-BLACK-5PK
PS1114BK8102PK,MP-PVC-PS-1114-BLACK-810-2PK
PS1114BLK8112PK,MP-PVC-PS-1114-BLACK-811-2PK
PS1114BLK8115PK,MP-PVC-PS-1114-BLACK-811-5PK
PS1114NAOAK8102PK,MP-PVC-PS-1114-NAOAK-810-2PK
PS1114NAOAK8105PK,MP-PVC-PS-1114-NAOAK-810-5PK
PS1115BLK8125PK,MP-PVC-PS-1115-BLACK-812-5PK
PS1117BLK5PKNOMAT,MP-PVC-PS-1117-BLACK-5PK
PS1117BK8122PK,MP-PVC-PS-1117-BLACK-812-2PK
PS1117NAOAK8122PK,MP-PVC-PS-1117-NAOAK-812-2PK
PS1117NAOAK9155PK,MP-PVC-PS-1117-NAOAK-915-5PK
PS1212BLK5PKNOMAT,MP-PVC-PS-1212-BLACK-5PK
PS1216BLK5PKNOMAT,MP-PVC-PS-1216-BLACK-5PK
PS1216BK9122PK,MP-PVC-PS-1216-BLACK-912-2PK
PS1216NAOAK85115PK,MP-PVC-PS-1216-NAOAK-8511-5PK
PS1216NAOAK9122PK,MP-PVC-PS-1216-NAOAK-912-2PK
PS1218BK11172PK,MP-PVC-PS-1218-BLACK-1117-2PK
PS1218BLK5PKNOMAT,MP-PVC-PS-1218-BLACK-5PK
PS1218NAOAK11172PK,MP-PVC-PS-1218-NAOAK-1117-2PK
PS1218NAOAK11175PK,MP-PVC-PS-1218-NAOAK-1117-5PK
PS1313BLK10102PK,MP-PVC-PS-1313-BLACK-1010-2PK
PS1319BK11172PK,MP-PVC-PS-1319-BLACK-1117-2PK
PS1319BLK5PKNOMAT,MP-PVC-PS-1319-BLACK-5PK
PS1319NAOAK11172PK,MP-PVC-PS-1319-NAOAK-1117-2PK
PS1319NAOAK11175PK,MP-PVC-PS-1319-NAOAK-1117-5PK
PS1515BLK12122PK,MP-PVC-PS-1515-BLACK-1212-2PK
PS1515BLK12125PK,MP-PVC-PS-1515-BLACK-1212-5PK
PS1620BK11142PK,MP-PVC-PS-1620-BLACK-1114-2PK
PS1620BLK12162PK,MP-PVC-PS-1620-BLACK-1216-2PK
PS1620BLK12165PK,MP-PVC-PS-1620-BLACK-1216-5PK
PS1620BLK5PKNOMAT,MP-PVC-PS-1620-BLACK-5PK
PS1620NAOAK11142PK,MP-PVC-PS-1620-NAOAK-1114-2PK
PS1620NAOAK11145PK,MP-PVC-PS-1620-NAOAK-1114-5PK
PS1624BLK5PKNOMAT,MP-PVC-PS-1624-BLACK-5PK
PS1824BLK5PKNOMAT,MP-PVC-PS-1824-BLACK-5PK
PS8511BK5PK,MP-PVC-PS-8511-BLACK-5PK
PS8511NAOAK5PK,MP-PVC-PS-8511-NAOAK-5PK
GSD1117BLK,MP-WPC-GSD-1117-BLACK
GSD1122BLK,MP-WPC-GSD-1122-BLACK
GSD1212BLK1010,MP-WPC-GSD-1212-BLACK-1010
GSD1414BLK,MP-WPC-GSD-1414-BLACK
PHFR28SMALL,MP-FE-PHFR-28SMALL
PHFR50LARGE,MP-FE-PHFR-50LARGE
JRSYDC1824BLK,MP-MDF-JRSY-1824-BLACK
LX0405BLKNOMAT,MP-PVC-LX-0405-BLACK
LX0406BLK,MP-PVC-LX-0406-BLACK
LX0406BLK2PK,MP-PVC-LX-0406-BLACK-2PK
LX0507BLKNOMAT,MP-PVC-LX-0507-BLACK
LX0507BLK,MP-PVC-LX-0507-BLACK-46
LX0507BLK2PK,MP-PVC-LX-0507-BLACK-46-2PK
LX0606BLKNOMAT,MP-PVC-LX-0606-BLACK
LX0606BLK,MP-PVC-LX-0606-BLACK-44
LX0606BLK-2PACK,MP-PVC-LX-0606-BLACK-44-2PK
LX0608BLKNOMAT,MP-PVC-LX-0608-BLACK
LX0608BLK35,MP-PVC-LX-0608-BLACK-35
LX0608BLK,MP-PVC-LX-0608-BLACK-46
LX0608BLK-2PACK,MP-PVC-LX-0608-BLACK-46-2PK
LX0608WHTNOMAT,MP-PVC-LX-0608-WHITE
LX0710BLKNOMAT,MP-PVC-LX-0710-BLACK
LX0808BLK,MP-PVC-LX-0808-BLACK-66
LX0808BLK-2PACK,MP-PVC-LX-0808-BLACK-66-2PK
LX0810BLKNOMAT,MP-PVC-LX-0810-BLACK
LXBK10PACK,MP-PVC-LX-0810-BLACK-10SET
LX0810BLK,MP-PVC-LX-0810-BLACK-57
LX0810BLK2PK,MP-PVC-LX-0810-BLACK-57-2PK
LX0812BLK-2PACK,MP-PVC-LX-0812-BLACK-2PK
LX0911BLKNOMAT,MP-PVC-LX-0911-BLACK
LX0912BLKNOMAT,MP-PVC-LX-0912-BLACK
LX0912BK,MP-PVC-LX-0912-BLACK-68
LX0912BLK-2PACK,MP-PVC-LX-0912-BLACK-68-2PK
LX1010BLK,MP-PVC-LX-1010-BLACK-88
LX1012BLKNOMAT,MP-PVC-LX-1012-BLACK
LX1013BLKNOMAT,MP-PVC-LX-1013-BLACK
LX1014BLKNOMAT,MP-PVC-LX-1014-BLACK
LX1015BLKNOMAT,MP-PVC-LX-1015-BLACK
LX1020BLKNOMAT,MP-PVC-LX-1020-BLACK
LX1113BLKNOMAT,MP-PVC-LX-1113-BLACK
LX1114BLKNOMAT,MP-PVC-LX-1114-BLACK
LX1114BLK,MP-PVC-LX-1114-BLACK-810
LX1114BLK2PK,MP-PVC-LX-1114-BLACK-810-2PK
LX1116BLKNOMAT,MP-PVC-LX-1116-BLACK
LX1117BLK,MP-PVC-LX-1117-BLACK
LX1214BLKNOMAT,MP-PVC-LX-1214-BLACK
LX1215BLKNOMAT,MP-PVC-LX-1215-BLACK
LX1216BLKNOMAT,MP-PVC-LX-1216-BLACK
LX1216BLK,MP-PVC-LX-1216-BLACK-810
LX1217BLKNOMAT,MP-PVC-LX-1217-BLACK
LX1218BLK,MP-PVC-LX-1218-BLACK
LX1220BLKNOMAT,MP-PVC-LX-1220-BLACK
LX1224BLKNOMAT,MP-PVC-LX-1224-BLACK
LX1236BLKNOMAT,MP-PVC-LX-1236-BLACK
LX1313BLKNOMAT,MP-PVC-LX-1313-BLACK
LX1316BLKNOMAT,MP-PVC-LX-1316-BLACK
LX1317BLKNOMAT,MP-PVC-LX-1317-BLACK
LX1318BLKNOMAT,MP-PVC-LX-1318-BLACK
LX1319BLKNOMAT,MP-PVC-LX-1319-BLACK
LX1414BLKNOMAT,MP-PVC-LX-1414-BLACK
LX1416BLKNOMAT,MP-PVC-LX-1416-BLACK
LX1417BLKNOMAT,MP-PVC-LX-1417-BLACK
LX1418BLKNOMAT,MP-PVC-LX-1418-BLACK
LX1420BLKNOMAT,MP-PVC-LX-1420-BLACK
LX1520BLKNOMAT,MP-PVC-LX-1520-BLACK
LX1616BLKNOMAT,MP-PVC-LX-1616-BLACK
LX1620BLK,MP-PVC-LX-1620-BLACK
LX1620BLK1114,MP-PVC-LX-1620-BLACK-1114
LX1622BLKNOMAT,MP-PVC-LX-1622-BLACK
LX1624BLKNOMAT,MP-PVC-LX-1624-BLACK
LX1717BLKNOMAT,MP-PVC-LX-1717-BLACK
LX1721BLKNOMAT,MP-PVC-LX-1721-BLACK
LX1724BLKNOMAT,MP-PVC-LX-1724-BLACK
LX1820BLKNOMAT,MP-PVC-LX-1820-BLACK
LX1822BLKNOMAT,MP-PVC-LX-1822-BLACK
LX1826BLKNOMAT,MP-PVC-LX-1826-BLACK
LX1836BLKNOMAT,MP-PVC-LX-1836-BLACK
LX1925BLKNOMAT,MP-PVC-LX-1925-BLACK
LX2020BLKNOMAT,MP-PVC-LX-2020-BLACK
LX2026BLKNOMAT,MP-PVC-LX-2026-BLACK
LX2027BLKNOMAT,MP-PVC-LX-2027-BLACK
LX2028BLKNOMAT,MP-PVC-LX-2028-BLACK
LX2030BLK,MP-PVC-LX-2030-BLACK
LX2128BLKNOMAT,MP-PVC-LX-2128-BLACK
LX2222BLKNOMAT,MP-PVC-LX-2222-BLACK
LX2228BLK,MP-PVC-LX-2228-BLACK
LX2230BLKNOMAT,MP-PVC-LX-2230-BLACK
LX2234BLKNOMAT,MP-PVC-LX-2234-BLACK
LX2424BLKNOMAT,MP-PVC-LX-2424-BLACK
LX2430BLKNOMAT,MP-PVC-LX-2430-BLACK
LX2432BLKNOMAT,MP-PVC-LX-2432-BLACK
LX2436BLK,MP-PVC-LX-2436-BLACK
LX2525BLKNOMAT,MP-PVC-LX-2525-BLACK
LX2740BLKNOMAT,MP-PVC-LX-2740-BLACK
LX2828BLK2424,MP-PVC-LX-2828-BLACK-2424
LX3030BLKNOMAT,MP-PVC-LX-3030-BLACK
LX3040BLKNOMAT,MP-PVC-LX-3040-BLACK
LX8511BLK2PK,MP-PVC-LX-8511-BLACK-2PK
FFM12515BLKMAG,MP-MDF-FFM-12515-BLACK-MAG
CF1826BLK16OP,MP-MDF-CF-1826-BLACK-16OP
WB0507DFNAVY,MP-MDF-WBDIST-0507-DNAVY
WB0507DFRED,MP-MDF-WBDIST-0507-DRED
WB0810DFNAVY,MP-MDF-WBDIST-0810-DNAVY
WB0810DFRED,MP-MDF-WBDIST-0810-DRED
WB1114DFNAVY,MP-MDF-WBDIST-1114-DNAVY
WB1114DFRED,MP-MDF-WBDIST-1114-DRED
WB1218DFNAVY,MP-MDF-WBDIST-1218-DNAVY
WB1218DFRED,MP-MDF-WBDIST-1218-DRED
WB1620DFNAVY,MP-MDF-WBDIST-1620-DNAVY
WB1620DFRED,MP-MDF-WBDIST-1620-DRED
CF0614BLK246,MP-MDF-CF-0614-BLACK-246
CF0620BLK346,MP-MDF-CF-0620-BLACK-346
CF0716BLK257,MP-MDF-CF-0716-BLACK-257
CF1212BLK446,MP-MDF-CF-1212-BLACK-446
CF1218BLK2810,MP-MDF-CF-1218-BLACK-2810
CF1222BLK846,MP-MDF-CF-1222-BLACK-846
CF1228BLK5OP,MP-MDF-CF-1228-BLACK-5OP
CF1230BLK9OP,MP-MDF-CF-1230-BLACK-9OP
CF1414BLK646,MP-MDF-CF-1414-BLACK-646
CF1420BLK946,MP-MDF-CF-1420-BLACK-946
CF5514BLK344,MP-MDF-CF-5514-BLACK-344
MW0606BLK44CIR,MP-MDF-MW-0606-BLACK-44-CIR
MW0606BLK44HRT,MP-MDF-MW-0606-BLACK-44-HRT
MW0606NAOAK44CIR,MP-MDF-MW-0606-NAOAK-44-CIR
MW0606NAOAK44HRT,MP-MDF-MW-0606-NAOAK-44-HRT
MW0608BLK46ARC,MP-MDF-MW-0608-BLACK-46-ARC
MW0608BLK46OVA,MP-MDF-MW-0608-BLACK-46-OVA
MW0608BLK46WAV,MP-MDF-MW-0608-BLACK-46-WAV
MW0608SGREEN46WAV,MP-MDF-MW-0608-GREEN-46-WAV
MW0608NAOAK46ARC,MP-MDF-MW-0608-NAOAK-46-ARC
MW0608NAOAK46OVA,MP-MDF-MW-0608-NAOAK-46-OVA
MW0608LPURPLE46WAV,MP-MDF-MW-0608-PURPLE-46-WAV
MW0808BLK44ARC,MP-MDF-MW-0808-BLACK-44-ARC
MW0808NAOAK44ARC,MP-MDF-MW-0808-NAOAK-44-ARC
MW0810BLK57ARC,MP-MDF-MW-0810-BLACK-57-ARC
MW0810BLK57OVA,MP-MDF-MW-0810-BLACK-57-OVA
MW0810BLK57WAV,MP-MDF-MW-0810-BLACK-57-WAV
MW0810SGREEN57WAV,MP-MDF-MW-0810-GREEN-57-WAV
MW0810NAOAK57ARC,MP-MDF-MW-0810-NAOAK-57-ARC
MW0810NAOAK57OVA,MP-MDF-MW-0810-NAOAK-57-OVA
MW0810LPURPLE57WAV,MP-MDF-MW-0810-PURPLE-57-WAV
MW0912BLK68ARC,MP-MDF-MW-0912-BLACK-68-ARC
MW0912NAOAK68ARC,MP-MDF-MW-0912-NAOAK-68-ARC
MW1114BLK810ARC,MP-MDF-MW-1114-BLACK-810-ARC
MW1114BLK810OVA,MP-MDF-MW-1114-BLACK-810-OVA
MW1114BLK810WAV,MP-MDF-MW-1114-BLACK-810-WAV
MW1114NAOAK810ARC,MP-MDF-MW-1114-NAOAK-810-ARC
MW1114NAOAK810OVA,MP-MDF-MW-1114-NAOAK-810-OVA
MW1212BLK88CIR,MP-MDF-MW-1212-BLACK-88-CIR
MW1212BLK88HRT,MP-MDF-MW-1212-BLACK-88-HRT
MW1212NAOAK88CIR,MP-MDF-MW-1212-NAOAK-88-CIR
MW1212NAOAK88HRT,MP-MDF-MW-1212-NAOAK-88-HRT
MW1218BLK812ARC,MP-MDF-MW-1218-BLACK-812-ARC
MW1218NAOAK812ARC,MP-MDF-MW-1218-NAOAK-812-ARC
WB1620BLK1114ARC,MP-MDF-MW-1620-BLACK-1114-ARC
WB1620NAOAK1114ARC,MP-MDF-MW-1620-NAOAK-1114-ARC
ALU0810BLK0507,MP-ALU-AL-0810-BLACK-57
ALU0812BLK0608,MP-ALU-AL-0812-BLACK-68
ALU0912BLK0608,MP-ALU-AL-0912-BLACK-68
ALU1114BLK0810,MP-ALU-AL-1114-BLACK-810
ALU1117BLK0812,MP-ALU-AL-1117-BLACK-812
ALU1216BLK0912,MP-ALU-AL-1216-BLACK-912
ALU1620BLK1114,MP-ALU-AL-1620-BLACK-1114
PIN1418BLK,MP-MDF-PIN-1418-BLACK
PIN1585BLK,MP-MDF-PIN-1585-BLACK
STF0406BLK23,MP-MDF-STF-0406-BLACK-23
STF0911BLK423,MP-MDF-STF-0911-BLACK-423
LX1212BLK44,MP-PVC-LX-1212-BLACK-44
LX1624BLK812,MP-PVC-LX-1624-BLACK-812
LX1818BLK88,MP-PVC-LX-1818-BLACK-88
LX1824BLK108,MP-PVC-LX-1824-BLACK-108
LX2030BLK1218,MP-PVC-LX-2030-BLACK-1218
LX2424BLK1212,MP-PVC-LX-2424-BLACK-1212
LX2430BLK912,MP-PVC-LX-2430-BLACK-912
RRAF1212BLK,MP-MDF-RRAF-1212-BLACK
WMW0507DISTWHT46,MP-MDF-WMW-0507-DISTWHITE-46
WMW0810DISTWHT57,MP-MDF-WMW-0810-DISTWHITE-57
WMW1114DISTWHT810,MP-MDF-WMW-1114-DISTWHITE-810
WB1217BLK,MP-MDF-WB-1217-BLACK
WB1316BLK,MP-MDF-WB-1316-BLACK
WB1417BLK,MP-MDF-WB-1417-BLACK
WB1620NAOAK,MP-MDF-WB-1620-NAOAK
WB1721BLK,MP-MDF-WB-1721-BLACK
WB1723BLK1319,MP-MDF-WB-1723-BLACK-1319
WB1824NAOAK,MP-MDF-WB-1824-NAOAK
WB1836BLK,MP-MDF-WB-1836-BLACK
WB2228BKPC,MP-MDF-WB-2228-BLACK
WB2230BLK,MP-MDF-WB-2230-BLACK
WB2840NAOAK2436,MP-MDF-WB-2840-NAOAK-2436
NF0608-0406BLK3SET,MP-MDF-NF-0608-0406-BLK-3SET
NF0810-0507BLK3SET,MP-MDF-NF-0810-0507-BLK-3SET
NF1114-0810BLK3SET,MP-MDF-NF-1114-0810-BLK-3SET
PFF0810BLK57,MP-PS-PFF-0810-BLACK-57
PFF1114BLK810,MP-PS-PFF-1114-BLACK-810
PFF1620BLK1114,MP-PS-PFF-1620-BLACK-1114
VF0406GLD,MP-PS-VF-0406-GOLD
VF0507GLD,MP-PS-VF-0507-GOLD
VF0810GLD57,MP-PS-VF-0810-GOLD-57
VF1114GLD810,MP-PS-VF-1114-GOLD-810
VF1620GLD1114,MP-PS-VF-1620-GOLD-1114
SBWEDTK1216BLK46,MP-SB-WED-1216-BLACK-46
MW0810BLK57BLK,MP-MDF-MW-0810-BLACK-57-BLACK
MW0912BLK68BLK,MP-MDF-MW-0912-BLACK-68-BLACK
MW1010BLK88BLK,MP-MDF-MW-1010-BLACK-88-BLACK
MW1114BLK810BLK,MP-MDF-MW-1114-BLACK-810-BLACK
MW1216BLK812BLK,MP-MDF-MW-1216-BLACK-812-BLACK
WB1620BLK1114BLK,MP-MDF-WB-1620-BLACK-1114-BLACK
WB1624BLK1218BLK,MP-MDF-WB-1624-BLACK-1218-BLACK
FIGDC1414BLK,MP-MDF-DC-FIG-1414-BLACK
OCFHGBV0406BLK,MP-METAL-HG-BV-0406-BLACK
OCFHGBV0507BLK,MP-METAL-HG-BV-0507-BLACK
OCFHGM0406BLK,MP-METAL-HG-M-0406-BLACK
OCFHGM0507BLK,MP-METAL-HG-M-0507-BLACK
TSHRT135135BLK,MPMDFTSHRT135135BLK
TSHRT13520BLK,MPMDFTSHRT13520BLK
A108P1044SHOW7174AZ,A108P1044SHOW7174
A281P273SHOW7174AZ,A281P273SHOW7174
A281P129SHOW7174AZ,A281P129SHOW7174
A267P055SHOW7174AZ,A267P055SHOW7174
A281P225SHOW7174AZ,A281P225SHOW7174
A281P369SHOW7174AZ,A281P369SHOW7174
A281P417SHOW7174AZ,A281P417SHOW7174
A108P1267SHOW7174AZ,A108P1267SHOW7174
A281P696SHOW7174AZ,A281P696SHOW7174
A244P058SHOW7174AZ,A244P058SHOW7174
A248P064SHOW7174AZ,A248P064SHOW7174
A303P266SHOW7174AZ,A303P266SHOW7174
A281P238SHOW7174AZ,A281P238SHOW7174
A281P435SHOW7174AZ,A281P435SHOW7174
A313P125SHOW7174AZ,A313P125SHOW7174
A393P021SHOW7174AZ,A393P021SHOW7174
SHOW7174SBLK,MP-PES-SHOW-7174-SOLIDBLACK
SHOW7174SBLU,MP-PES-SHOW-7174-SOLIDBLUE
SHOW7174SSGRN,MP-PES-SHOW-7174-SOLIDSGREEN
SHOW7174SBGD,MP-PES-SHOW-7174-SOLIDBURGUNDY
SHOW7174SGRY,MP-PES-SHOW-7174-SOLIDSGREY
SHOW7174BLKOMBRE,MP-PES-SHOW-7174-BLACKOMBRE
SHOW7174GRNOMBRE,MP-PES-SHOW-7174-GREENOMBRE
SHOW7174BLUOMBRE,MP-PES-SHOW-7174-BLUEOMBRE
SHOW7174PNKOMBRE,MP-PES-SHOW-7174-PINKOMBRE
SHOW7174SGRYOMBRE,MP-PES-SHOW-7174-GREYOMBRE
A281P066SHOW7174,MP-PES-SHOW-A281P066-7174
A281P141SHOW7174,MP-PES-SHOW-A281P141-7174
A281P1706SHOW7174,MP-PES-SHOW-A281P1706-7174
A281P1707SHOW7174,MP-PES-SHOW-A281P1707-7174
A281P886SHOW7174,MP-PES-SHOW-A281P886-7174
A303P334SHOW7174,MP-PES-SHOW-A303P334-7174
A311P107SHOW7174,MP-PES-SHOW-A311P107-7174
A393P002SHOW7174,MP-PES-SHOW-A393P002-7174
A393P032SHOW7174,MP-PES-SHOW-A393P032-7174
A405P233SHOW7174,MP-PES-SHOW-A405P233-7174
A405P298SHOW7174,MP-PES-SHOW-A405P298-7174
A413P088SHOW7174,MP-PES-SHOW-A413P088-7174
SHOW7275BLKWAFSL,MP-PES-SHOW-7275-BLACK-WAF-SL
SHOW7275BLUWAFSL,MP-PES-SHOW-7275-BLUE-WAF-SL
SHOW7275DGRAYWAFSL,MP-PES-SHOW-7275-DARKGRAY-WAF-SL
SHOW7275DGRWAFSL,MP-PES-SHOW-7275-GREEN-WAF-SL
SHOW7275IVRWAFSL,MP-PES-SHOW-7275-IVORY-WAF-SL
SHOW7275LGRAYWAFSL,MP-PES-SHOW-7275-LGRAY-WAF-SL
SHOW7275PKWAFSL,MP-PES-SHOW-7275-PINK-WAF-SL
SHOW7275WHTWAFSL,MP-PES-SHOW-7275-WHITE-WAF-SL
SHOW7275YWWAFSL,MP-PES-SHOW-7275-YELLOW-WAF-SL
A281P1001SHOW7275SL,MP-PES-SHOW-A281P1001-7275-SL
A281P104SHOW7275SL,MP-PES-SHOW-A281P104-7275-SL
A281P1573SHOW7275SL,MP-PES-SHOW-A281P1573-7275-SL
A281P1702SHOW7275SL,MP-PES-SHOW-A281P1702-7275-SL
A281P1705SHOW7275SL,MP-PES-SHOW-A281P1705-7275-SL
A281P407SHOW7275SL,MP-PES-SHOW-A281P407-7275-SL
A372P072SHOW7275SL,MP-PES-SHOW-A372P072-7275-SL
A405P278SHOW7275SL,MP-PES-SHOW-A405P278-7275-SL
A413P075SHOW7275SL,MP-PES-SHOW-A413P075-7275-SL
A413P077SHOW7275SL,MP-PES-SHOW-A413P077-7275-SL
A413P090SHOW7275SL,MP-PES-SHOW-A413P090-7275-SL
SHOW7275GEO1GRYSL,MP-PES-SHOW-GEO1-7275-GRAY-SL
SHOW7275GEO2GRYSL,MP-PES-SHOW-GEO2-7275-GRAY-SL
SHOW7275GEO4GRYSL,MP-PES-SHOW-GEO4-7275-GRAY-SL
SHOW7275GEO5GRYSL,MP-PES-SHOW-GEO5-7275-GRAY-SL
SHOW7275GEO6GRYSL,MP-PES-SHOW-GEO6-7275-GRAY-SL
SHOW7275GEO7GRYSL,MP-PES-SHOW-GEO7-7275-GRAY-SL
SHOW7174WVGRYOMBRE,MPPESSHOW7174WGYOMB
SHOW7174WVPNKOMBRE,MPPESSHOW7174WPKOMB
SHOW7174WVGRNOMBRE,MPPESSHOW7174WGROMB
SHOW7174WVBLUOMBRE,MPPESSHOW7174WBLOMB
SHOW7174LGRYOMBRE,MPPESSHOW7174LGYOMB
SHOW7174PRPOMBRE,MPPESSHOW7174PROMB
SHOW7174TEALOMBRE,MPPESSHOW7174TLOMB
SHOW7174LBLUOMBRE,MPPESSHOW7174LBLOMB
SHOW7174SGGRNOMBRE,MPPESSHOW7174SGROMB
AZ-PES-RPIL-A108P1418-1410,A108P1418RPIL1410
AZ-PES-RPIL-A108P1418-2014,A108P1418RPIL2014
AZ-PES-PILL-A281P172-1414,A281P172PILL1414
AZ-PES-PILL-A281P172-1818,A281P172PILL1818
AZ-PES-PILL-A281P172-2020,A281P172PILL2020
AZ-PES-RPIL-A281P172-1410,A281P172RPIL1410
AZ-PES-RPIL-A281P172-2014,A281P172RPIL2014
AZ-PES-RPIL-A281P227-1410,A281P227PILL1410
AZ-PES-PILL-A281P227-1414,A281P227PILL1414
AZ-PES-PILL-A281P227-1616,A281P227PILL1616
AZ-PES-PILL-A281P227-1818,A281P227PILL1818
AZ-PES-RPIL-A281P227-2014,A281P227PILL2014
AZ-PES-PILL-A281P227-2020,A281P227PILL2020
AZ-PES-PILL-A281P273-1414,A281P273PILL1414
AZ-PES-PILL-A281P273-1616,A281P273PILL1616
AZ-PES-PILL-A281P273-1818,A281P273PILL1818
A281P227PILL1414SP,MP-PES-PILL-A281P227-1414-SEPIA
A281P227PILL1818SP,MP-PES-PILL-A281P227-1818-SEPIA
A281P227PILL2020SP,MP-PES-PILL-A281P227-2020-SEPIA
PILL1616BLUEDIA,MP-PES-PILL-BLUE-1616-DIAMOND
PILL1818BLUEDIA,MP-PES-PILL-BLUE-1818-DIAMOND
PILL2020BLUEDIA,MP-PES-PILL-BLUE-2020-DIAMOND
PILL1616BOHODIA,MP-PES-PILL-BOHO-1616-DIAMOND
PILL1818BOHODIA,MP-PES-PILL-BOHO-1818-DIAMOND
PILL2020BOHODIA,MP-PES-PILL-BOHO-2020-DIAMOND
PILL1616CREAMLINE001,MP-PES-PILL-CREAM-1616-LINES001
PILL1818CREAMLINE001,MP-PES-PILL-CREAM-1818-LINES001
PILL2020CREAMLINE001,MP-PES-PILL-CREAM-2020-LINES001
PILL1616GRNLINE001,MP-PES-PILL-GREEN-1616-LINES001
PILL1818GRNLINE001,MP-PES-PILL-GREEN-1818-LINES001
PILL2020GRNLINE001,MP-PES-PILL-GREEN-2020-LINES001
PILL1616NAVYLINE001,MP-PES-PILL-NAVY-1616-LINES001
PILL1818NAVYLINE001,MP-PES-PILL-NAVY-1818-LINES001
PILL2020NAVYLINE001,MP-PES-PILL-NAVY-2020-LINES001
PILL1616BLKABST001,MP-PILL-BLACK-1616-ABSTRACT001
PILL1818BLKABST001,MP-PILL-BLACK-1818-ABSTRACT001
PILL2020BLKABST001,MP-PILL-BLACK-2020-ABSTRACT001
PILL1616BLUEABST001,MP-PILL-BLUES-1616-ABSTRACT001
PILL1818BLUEABST001,MP-PILL-BLUES-1818-ABSTRACT001
PILL2020BLUEABST001,MP-PILL-BLUES-2020-ABSTRACT001
PILL1616REDABST001,MP-PILL-REDS-1616-ABSTRACT001
PILL1818REDABST001,MP-PILL-REDS-1818-ABSTRACT001
PILL2020REDABST001,MP-PILL-REDS-2020-ABSTRACT001
A281P172PILL1414BW,MP-PILL-A281P172-1414-BLKWHT
A281P172PILL1818BW,MP-PILL-A281P172-1818-BLKWHT
A281P172PILL2020BW,MP-PILL-A281P172-2020-BLKWHT
A281P172RPIL1410BW,MP-RPIL-A281P172-1410-BLKWHT
SHRK24BLK4T,MP-METAL-SHRK-24-BLACK-4T
SHRK26BLK2T,MP-METAL-SHRK-26-BLACK-2T
SHRK26BLK3T,MP-METAL-SHRK-26-BLACK-3T
CCDM-01,MPCCDM0117530BR
CCDM-02,MPCCDM0217530BR
CCDM-25,MPCCDM2517530BR
CCDM-27,MPCCDM2717530BR
CCDM-28,MPCCDM2817530BR
J1,MPJDMJ117530BR
MP-MDF-0507-BLACK-46,MW0507BK46
MP-MDF-0507-BLACK-46-2PK,MW0507BK2PK
MP-MDF-0808-BLACK-44,MW0808BK
MP-MDF-0808-BLACK-44-2PK,MW0808BK2PK
MP-MDF-0810-BLACK-0507,MK-PD3-810-BK
MP-MDF-0810-BLACK-0507-2PK,MK-PD3-810-BK2PK
MP-MDF-0812-BLACK,MW0812BK
MP-MDF-0812-BLACK-2PK,MW0812BK2PK
MP-MDF-0912-BLACK-68,MW0912BK68
MP-MDF-0912-BLACK-68-2PK,MW0912BK682PK
MP-MDF-1114-BLACK-0810-2PK,MW1114BK2PK
MP-MDF-1114-BLACK-810,PRO_MW1114BK
MP-MDF-1117-BLACK,MW1117BK
MP-MDF-1117-BLACK-2PK,MW1117BK2PK
MP-MDF-1216-BLACK-812,MW1216BK812
MP-MDF-1216-BLACK-812-2PK,MW1216BK8122PK
MP-MDF-1218-BLACK,MW1218BK
MP-MDF-1218-BLACK-2PK,MW1218BK2PK
MP-MDF-1319-BLACK,MW1319BK
MP-MDF-1319-BLACK-2PK,MW1319BK2PK
MP-MDF-1620-BLACK,WB1620BKPC
MP-MDF-1824-BLACK,WB1824BKPC
MP-MDF-2030-BLACK,WB2030BKPC
MP-MDF-2436-BLACK,WB2436BKPC
MP-MDF-8511-BLACK,MW8511BKC
MP-MDF-DF-1114-BLACK-8511,DF0811B
MP-MDF-DF-1114-BLACK-8511-2PK,DF0811B2PK
MP-MDF-KAF-8511-BLACK,KAF8511BK
MP-MDF-KAF-8511-BLACK-2PK,KAFBLK-2PACK
MP-PS-1114-BLACK-810-5PK,PS1114BK5PK
MP-PS-1117-BLACK-915-5PK,PS1117BK5PK
MP-PS-1216-BLACK-8511-5PK,PS1216BK5PK
MP-PS-1218-BLACK-1117-5PK,PS1218BK5PK
MP-PS-1319-BLACK-1117-5PK,PS1319BK5PK
MP-PS-1620-BLACK-1114-5PK,PS1620BK5PK
MP-SB-0810-BLACK,SB0810BK
MP-SB-0810-NAOAK,SB0810OAK
MP-SB-1114-BLACK,SB1114BK
MP-SB-1114-NAOAK,SB1114OAK
MP-MDF-8511-BLACK-2PK,MW8511BKC2PK
MP-MDF-BLACK-10PK,MWBK10PACK
MP-PS-810-BLACK-57-5PK,PS810BK5PK
MP-PS-812-BLACK-68-5PK,PS812BK5PK
MP-PS-912-BLACK-68-5PK,PS912BK5PK
MP-SB-1216-BLACK,SB1216BLK
MP-SB-1620-BLACK,SB1620BLK
MP-LX-1216-BLACK-46,LX1216BLK46
MP-LX-1414-BLACK-46,LX1414BLK46
MP-LX-1418-BLACK-57,LX1418BLK57
MP-LX-1616-BLACK-57,LX1616BLK57
MP-LX-1620-BLACK-68,LX1620BLK68
MP-LX-1824-BLACK-810,LX1824BLK810
MP-LX-2020-BLACK-810NF,LX2020BLK810NF
MP-LX-2026-BLACK-1114,LX2026BLK1114
MP-LX-2424-BLACK-1114,LX2424BLK1114
MPLX2424BLK1114BLK,LX2424BLK1114
MP-MDF-KAF-10125-PBRASS-8511,KAF8511PBRASS
MP-MDF-JRSY-2331-BLACK,JRSYDCBLK
MP-MDF-STF-0406-BLACK,STF0406BLK
MP-MDF-STF-0507-BLACK,STF0507BLK
MP-MDF-STF-0810-BLACK,STF0810BLK
MP-MDF-STF-1114-BLACK,STF1114BLK
MP-MDF-STF-1117-BLACK,STF1117BLK
MP-MDF-STF-1216-BLACK,STF1216BLK
MP-MDF-STF-1218-BLACK,STF1218BLK
MP-MDF-STF-8511-BLACK,STF8511BLK
MP-MDF-WB-1218-BLACK,WB1218BKPC
MP-PVC-LX-8511-BLACK,LX8511BLK
MP-SB-0507-BLACK,SB0507BK
MP-SB-1111-BLACK,SB1111BK
MP-SB-1114-PBRASS,SB1114PBRASS
MP-SB-8511-BLACK,SB8511BK
MP-ABS-SIF-1114-BLACK-3PK,SIFBLK11143PK
MP-ABS-SIF-1117-BLACK-3PK,SIFBLK11173PK
MP-ABS-SIF-1216-BLACK-3PK,SIFBLK12163PK
MP-ABS-SIF-1218-BLACK-3PK,SIFBLK12183PK
MP-ABS-SIF-1319-BLACK-3PK,SIFBLK13193PK
MP-ABS-SIF-1620-BLACK-3PK,SIFBLK16203PK
MP-ABS-SIF-1624-BLACK-3PK,SIFBLK16243PK
MP-ABS-SIF-1824-BLACK-3PK,SIFBLK18243PK
MP-ABS-SIF-2024-BLACK-3PK,SIFBLK20243PK
MP-ABS-SIF-2028-BLACK-3PK,SIFBLK20283PK
MP-ABS-SIF-2030-BLACK-3PK,SIFBLK20303PK
MP-ABS-SIF-2228-BLACK-3PK,SIFBLK22283PK
MP-ABS-SIF-2436-BLACK-3PK,SIFBLK24363PK
MP-ALU-FF-0507-BLACK,ALUFF0507BLK
MP-ALU-FF-0507-BLACK-2PK,ALUFF0507BLK2PK
MP-ALU-FF-0810-BLACK,ALUFF0810BLK
MP-ALU-FF-0810-BLACK-2PK,ALUFF0810BLK2PK
MP-ALU-FF-1114-BLACK,ALUFF1114BLK
MP-ALU-FF-1114-BLACK-2PK,ALUFF1114BLK2PK
MP-ALU-FF-1620-BLACK,ALUFF1620BLK
MP-ALU-FF-1620-BLACK-2PK,ALUFF1620BLK2PK
MP-MDF-CCF-0406-BLACK,CCF0406BLK
MP-MDF-CCF-0507-BLACK-46,CCF0507BLK46
MP-MDF-CCF-0808-BLACK-44,CCF0808BLK44
MP-MDF-CCF-0810-BLACK-57,CCF0810BLK57
MP-MDF-CCF-1114-BLACK-810,CCF1114BLK810
MP-MDF-CCF-1114-BLACK-8511,CCF1114BLK8511
MP-MDF-CCF-1117-BLACK,CCF1117BLK
MP-MDF-CCF-1212-BLACK-88,CCF1212BLK88
MP-MDF-CCF-1216-BLACK,CCF1216BLK
MP-MDF-CCF-8511-BLACK,CCF8511BLK
MP-MDF-CDF-6512-BLACK,CDF6512BLK
MP-MDF-CFF-0912-BLACK-246,CFF0912BLK246
MP-MDF-CFF-0917-BLACK-346,CFF0917BLK346
MP-MDF-CFF-1014-BLACK-257,CFF1014BLK257
MP-MDF-CFF-1020-BLACK-357,CFF1020BLK357
MP-MDF-FFM-12515-BLACK,FFM12515BLK
MP-MDF-FFM-1526-BLACK,FFM1526BLK
MP-MDF-FFM-165165-BLACK,FFM165165BLK
MP-MDF-FFM-95125-BLACK,FFM95125BLK
MP-MDF-RAF-1515-BLACK,RAF1515BLK
MP-MDF-RAF-25165-BLACK,RAF25165BLK
MP-MDF-SG-0808-BLACK-44-6PK,SG0808BLK446PK
MP-MDF-SG-0808-BLACK-44-9PK,SG0808BLK449K
MP-ABS-0406-BLACK-12PK,ABS0406BK12PK
MP-ABS-0406-BLACK-6PK,ABS0406BK6PK
MP-ABS-0507-BLACK-46-12PK,ABS0507BK4612PK
MP-ABS-0507-BLACK-46-6PK,ABS0507BK466PK
MP-ABS-0507-BLACK-6PK,ABS0507BK6PK
MP-ABS-0810-BLACK-57-6PK,ABS0810BK576PK
MP-ABS-0810-BLACK-6PK,ABS0810BK6PK
MP-ABS-1114-BLACK-3PK,ABS1114BK3PK
MP-ABS-1114-BLACK-810-3PK,ABS1114BK8103PK
MP-ABS-1117-BLACK-3PK,ABS1117BK3PK
MP-ABS-1216-BLACK-3PK,ABS1216BK3PK
MP-ABS-1216-BLACK-812-3PK,ABS1216BK8123PK
MP-ABS-1218-BLACK-3PK,ABS1218BK3PK
MP-ABS-1319-BLACK-1117-3PK,ABS1319BK11173PK
MP-ABS-1319-BLACK-3PK,ABS1319BK3PK
MP-ABS-8511-BLACK-6PK,ABS8511BK6PK
MP-MDF-A2-BLACK,A2BLK
MP-MDF-A3-BLACK,A3BK
MP-MDF-A4-BLACK,A4BK
MP-MDF-A5-BLACK,A5BK
MP-MDF-DISTF-0507-MOD-46-4PK,DF05074PKMOD46
MP-MDF-DISTF-0507-RUS-46-4PK,DF05074PKRUS46
MP-MDF-DISTF-0810-MOD-57-4PK,DF08104PKMOD57
MP-MDF-DISTF-0810-RUS-57-4PK,DF08104PKRUS57
MP-MDF-DISTF-1114-MOD-810-4PK,DF11144PKMOD810
MP-MDF-DISTF-1114-RUS-810-4PK,DF11144PKRUS810
MP-MDF-FF-0507-BLACK,FF0507BK
MP-MDF-FF-0810-BLACK,FF0810BK
MP-MDF-FF-1114-BLACK,FF1114BK
MP-MDF-FF-1218-BLACK,FF1218BK
MP-MDF-FF-8511-BLACK,FF8511BK
MP-MDF-FLAGCASE-BLACK,FLAGCASEBLK
MP-MDF-FLAGCASE-BLACK-SMALL,FLAGCASEBLKSMALL
MP-MDF-FLAGCASE-BWOOD,FLAGCASEBWOOD
MP-ALU-FY-125125-BLACK-2PK,FY-QT0T-QWY2_2PK
MP-MDF-3HG-0406-BLACK,MW0406BK3HINGE
MP-MDF-HG-0406-BLACK,MK-PD6-46X2-BK
MP-MDF-HG-0507-BLACK,HGMW0507BK
MP-MDF-HG-0810-BLACK,HGMW0810BK
MP-MDF-SBD-0810-BLACK,SBD0810BLK
MP-MDF-SBD-0810-GWOOD,SBD0810GRYWOOD
MP-MDF-SBD-0810-RUSBR,SBD0810RUSBR
MP-MDF-SBD-1114-BLACK,SBD1114BLK
MP-MDF-SBD-1114-GWOOD,SBD1114GRYWOOD
MP-MDF-SBD-1114-RUSBR,SBD1114RUSBR
MP-PVC-LX-1824-BLACK,LX1824BLK
MP-PVC-LX-2024-BLACK,LX2024BLK
MP-WPC-GSD-0507-BLACK,GSD0507BLK
MP-WPC-GSD-0507-BLACK-46,GSD0507BLK46
MP-WPC-GSD-0608-BLACK-57,GSD0608BLK57
MP-WPC-GSD-0808-BLACK-44,GSD0808BLK44
MP-WPC-GSD-0810-BLACK,GSD0810BLK
MP-WPC-GSD-0810-BLACK-57,GSD0810BLK57
MP-WPC-GSD-0812-BLACK,GSD0812BLK
MP-WPC-GSD-1010-BLACK-88,GSD1010BLK88
MP-WPC-GSD-1114-BLACK,GSD1114BLK
MP-WPC-GSD-1114-BLACK-810,GSD1114BLK810
MP-WPC-GSD-1216-BLACK-812,GSD1216BLK812
MP-WPC-GSD-1218-BLACK,GSD1218BLK
MP-WPC-GSD-1218-BLACK-1117,GSD1218BLK1117
MP-WPC-GSD-1620-BLACK,GSD1620BLK
MP-WPC-GSD-1620-BLACK-1114,GSD1620BLK1114
MP-WPC-GSD-1624-BLACK,GSD1624BLK
MP-WPC-GSD-1824-BLACK,GSD1824BLK
MP-WPC-GSD-2024-BLACK-1620,GSD2024BLK1620
MP-WPC-GSD-2028-BLACK,GSD2028BLK
MP-WPC-GSD-2028-BLACK-1624,GSD2028BLK1624
MP-WPC-GSD-2030-BLACK,GSD2030BLK
MP-WPC-GSD-2228-BLACK-1824,GSD2228BLK1824
MP-WPC-GSD-2436-BLACK,GSD2436BLK
MP-WPC-GSD-2436-BLACK-2030,GSD2436BLK2030
MP-WPC-GSD-2840-BLACK-2436,GSD2840BLK2436
MP-WPC-GSD-8511-BLACK,GSD8511BLK
MP-PVC-IF-0406-BLACK-DW1,IFBLK0406DW1
MP-PVC-IF-0406-BLACK-DW1-2PK,IFBLK0406DW1-2PK
MP-PVC-IF-0406-BLACK-DW1-4PK,IFBLK0406DW1-4PK
MP-PVC-IF-0712-BLACK-DW3,IFBLK7118DW3
MP-PVC-IF-0911-BLACK-DW4,IFBLK0911DW4
MP-PVC-IF-1520-BLACK-DW16,IFBLK1520DW16
MP-PVC-IF-2134-BLACK,IFBLK2134
MP-PVC-IF-2134-BLACK-2PK,IFBLK2134NOMAT2PK
MP-PVC-IF-2134-BLACK-4PK,IFBLK2134NOMAT4PK
MP-ALU-AL-1218-BLACK-1117,ALU1218BLK1117
MP-ALU-AL-1319-BLACK-1117,ALU1319BLK1117
MP-MDF-DF-1114-MAH-8511,1S-P763-BBCX
MP-MDF-GSK-0404-BLACK-12PK,GSK0404BLK12PK
MP-MDF-GSK-0505-BLACK-12PK,GSK0505BLK12PK
MP-MDF-GSK-0606-BLACK-12PK,GSK0606BLK12PK
MP-MDF-GSK-0808-BLACK-12PK,GSK0808BLK12PK
MP-MDF-GSK-0810-BLACK-6PK,GSK0810BK6PK
MP-MDF-GSK-8511-BLACK-12PK,GSK8511BLK12PK
MP-MDF-KAF-10125-BLACK-8511-4PK,KAF8511BK4PK
MP-MDF-KAF-13516-BLACK-2OP,KAFBLK2OP
MP-MDF-KAFSLD-8511-BLACK,KAFSLD8511BLK
MP-MDF-KAFSLD-8511-BLACK-2OP,KAFSLD8511BLK2OP
MP-MDF-KAFTT-8511-BLACK,KAFTT8511BLK
MP-MDF-MW-1114-BLACK-7SET,MWBK07MULTIPK
MP-MDF-MW-1122-BLACK-2PK,MW1122BK2PK
MP-MDF-GSK-0406-BLACK-12PK,GSK0406BK12PK
MP-MDF-GSK-0608-BLACK-12PK,GSK0608BLK12PK
MP-MDF-GSK-0810-BLACK-12PK,GSK0810BK12PK
MP-MDF-GSK-0812-BLACK-12PK,GSK0812BLK12PK
MP-MDF-GSK-1114-BLACK-12PK,GSK1114BLK12PK
MP-MDF-MW-0816-BLACK-57-3OP,MW0816BK357
MP-MDF-MW-1114-BLACK-46-5OP,MW1114BK546
MP-MDF-MW-1114-BLACK-57,MW1114BK57
MP-MDF-WMW-0808-BLACK-44,WMW0808BLK44
MP-MDF-WMW-0808-NAOAK-44,WMW0808NAOAK44
MP-MDF-WMW-0810-BLACK-57,WMW0810BLK57
MP-MDF-WMW-0810-NAOAK-57,WMW0810NAOAK57
MP-MDF-WMW-1114-BLACK-810,WMW1114BLK810
MP-MDF-WMW-1114-NAOAK-810,WMW1114NAOAK810
MP-MDF-WMW-1117-BLACK-812,WMW1117BLK812
MP-MDF-WMW-1117-NAOAK-812,WMW1117NAOAK812
MP-MDF-WMW-1218-BLACK-1117,WMW1218BLK1117
MP-MDF-WMW-1218-NAOAK-1117,WMW1218NAOAK1117
MP-MDF-WMW-1319-BLACK-1117,WMW1319BLK1117
MP-MDF-WMW-1616-BLACK-1212,WMW1616BLK1212
MP-MDF-WMW-1620-BLACK-1114,WMW1620BLK1114
MP-MDF-WMW-1624-BLACK-1218,WMW1624BLK1218
MP-MDF-WMW-1824-BLACK-1218,WMW1824BLK1218
MP-MDF-WMW-2024-BLACK-1620,WMW2024BLK1620
MP-MDF-WMW-2028-BLACK-1624,WMW2028BLK1624
MP-MDF-WMW-2228-BLACK-1824,WMW2228BLK1824
MP-MDF-WMW-2840-BLACK-2436,WMW2840BLK2436
MP-PVC-PS-0507-BLACK-46-2PK,PS0507BLK462PK
MP-PVC-PS-0507-BLACK-46-5PK,PS0507BLK465PK
MP-MDF-3HG-0507-BLACK,MW0507BK3HINGE
MP-MDF-A3-BLACK-2PK,A3BLK-2PACK
MP-MDF-A4-BLACK-2PK,A4BLK-2PACK
MP-MDF-GSK-0406-BLACK-6PK,GSK0406BK6PK
MP-MDF-GSK-0507-BLACK-6PK,GSK0507BK6PK
MP-MDF-GSK-0811-BLACK-12PK,GSK0811BLK12PK
MP-MDF-MW-0814-BLACK-46-3OP,MW0816BK3
MP-MDF-MW-1122-BLACK,MW1122BK
MP-MDF-MW-1216-BLACK-7SET,MW0304PACKBK7
MP-MDF-WB-1620-BLACK-1114,WB1620BLK1114
MP-MDF-WB-1622-BLACK-1218,WB1622BLK1218
MP-MDF-WB-1624-BLACK,WB1624BLK
MP-MDF-WB-1722-BLACK,WB1722BLKPC
MP-MDF-WBDIST-0406-DBLACK-3OP,WB0406DFBLK3OP
MP-MDF-WBDIST-0406-DBLUE-3OP,WB0406DFBL3OP
MP-MDF-WBDIST-0406-DWHITE-3OP,WB0406DFWH3OP
MP-MDF-WBDIST-0507-DBLACK,WB0507DFBLK
MP-MDF-WBDIST-0507-DBLACK-2OP,WB0507DFBLK2OP
MP-MDF-WBDIST-0507-DBLUE,WB0507DFBL
MP-MDF-WBDIST-0507-DBLUE-2OP,WB0507DFBL2OP
MP-MDF-WBDIST-0507-DWHITE-2OP,WB0507DFWH2OP
MP-MDF-WBDIST-0608-DBLACK,WB0608DFBLK
MP-MDF-WBDIST-0608-DBLUE,WB0608DFBL
MP-MDF-WBDIST-0608-DWHITE,WB0608DFWH
MP-MDF-WBDIST-0810-DBLACK,WB0810DFBLK
MP-MDF-WBDIST-0810-DBLUE,WB0810DFBL
MP-MDF-WBDIST-0810-DWHITE,WB0810DFWH
MP-MDF-WBDIST-0912-DBLACK,WB0912DFBLK
MP-MDF-WBDIST-0912-DBLUE,WB0912DFBL
MP-MDF-WBDIST-0912-DWHITE,WB0912DFWH
MP-MDF-WBDIST-1114-DBLACK,WB1114DFBLK
MP-MDF-WBDIST-1114-DBLUE,WB1114DFBL
MP-MDF-WBDIST-1218-DBLACK,WB1218DFBLK
MP-MDF-WBDIST-1218-DBLUE,WB1218DFBL
MP-MDF-WBDIST-1620-DBLACK,WB1620DFBLK
MP-MDF-WBDIST-1620-DBLUE,WB1620DFBL
MP-MDF-WBDIST-1824-DBLACK,WB1824DFBLK
MP-MDF-WBDIST-1824-DBLUE,WB1824DFBL
MP-ABS-0507-BLACK-12PK,ABS0507BK12PK
MP-ABS-1620-BLACK-1114-2PK,ABS1620BK11142PK
MP-ABS-1620-BLACK-2PK,ABS1620BK2PK
MP-MDF-810-BLACK-46-2OP,MK-PD3-810-BK2
MP-MDF-GSK-0507-BLACK-12PK,GSK0507BK12PK
MP-MDF-HPD-30-BLACK,HPDISBLK
MP-MDF-HPD-36-BLACK-816,HPDISCHKBDBLK
MP-MDF-MW-0820-BLACK-46-4OP,MW0820BK446
MP-MDF-MW-0824-BLACK-46-5OP,MW0824BK546
MP-MDF-MW-1020-BLACK-57-3OP,MW1020BLK357
MP-MDF-MW-1114-BLACK-57-2OP,MW1114BK2
MP-MDF-MW-1414-BLACK-57,MW1414BK
MP-MDF-MW-1414-BLACK-57-2PK,MW1414BK2PK
MP-MDF-WB-1224-BLACK,WB1224BLK
MP-MDF-WB-1420-BLACK-1117,WB1420BLK1117
MP-MDF-WB-1620-BLACK-1216,WB1620BLK1216
MP-MDF-WB-1620-BLACK-1417,WB1620BLKPC1417
MP-MDF-WB-1622-BLACK,WB1622BLK
MP-MDF-WB-1927-BLACK,WB1927BLKPC
MP-MDF-WB-2024-BLACK,WB2024BKPC
MP-MDF-WB-2024-BLACK-1620,WB2024BLK1620
MP-MDF-WB-2028-BLACK-1624,WB2028BLK1624
MP-MDF-WB-2228-BLACK-1824,WB2228BLK1824
MP-MDF-WB-2424-BLACK,WB2424BLKPC
MP-MDF-WB-2424-BLACK-2020,WB2424BLK2020
MP-MDF-WB-2432-BLACK,WB2432BLKPC
MP-MDF-WB-2434-BLACK-2030,WB2434BLK2030
MP-MDF-WB-2436-NAOAK,WB2436NAOAK
MP-MDF-WB-2840-BLACK-2436,WB2840BLK2436
MP-MDF-WMW-0507-BLACK-46,WMW0507BLK46
MP-MDF-WMW-0507-NAOAK-46,WMW0507NAOAK46
MP-PW-COD-1204-BLACK,CODBLK1204
MP-MDF-0406-BLACK-2PK,MW0406BK2PK
MP-MDF-WMW-1624-NAOAK-1218,WMW1624NAOAK1218
MP-PS-0810-BLACK-2PK,PS0810BLK2PK
MP-MDF-FLAGCASE-BWOOD-SMALL2,FLAGCASEBWOODSMALL2
MP-MDF-CF-1620-BLACK-9OP,CF1620BLK9OP
MP-MDF-CF-2020-BLACK-11OP,CF2020BLK11OP
MP-PVC-PS-0404-BLACK-5PK,PS0404BLK5PKNOMAT
MP-PVC-PS-0406-BLACK-5PK,PS0406BLK5PKNOMAT
MP-PVC-PS-0507-BLACK-5PK,PS0507BLK5PKNOMAT
MP-PVC-PS-0606-BLACK-5PK,PS0606BLK5PKNOMAT
MP-PVC-PS-0608-BLACK-5PK,PS0608BLK5PKNOMAT
MP-PVC-PS-0707-BLACK-44-2PK,PS0707BLK442PK
MP-PVC-PS-0707-BLACK-44-5PK,PS0707BLK445PK
MP-PVC-PS-0810-BLACK-57-2PK,PS0810BK572PK
MP-PVC-PS-0810-BLACK-5PK,PS0810BLK5PKNOMAT
MP-PVC-PS-0810-NAOAK-57-2PK,PS0810NAOAK572PK
MP-PVC-PS-0810-NAOAK-57-5PK,PS0810NAOAK575PK
MP-PVC-PS-0811-BLACK-5PK,PS0811BLK5PKNOMAT
MP-PVC-PS-0812-BLACK-5PK,PS0812BLK5PKNOMAT
MP-PVC-PS-0812-BLACK-68-2PK,PS0812BK682PK
MP-PVC-PS-0812-NAOAK-68-2PK,PS0812NAOAK682PK
MP-PVC-PS-0812-NAOAK-68-5PK,PS0812NAOAK685PK
MP-PVC-PS-0909-BLACK-66-5PK,PS0909BLK665PK
MP-PVC-PS-0912-BLACK-5PK,PS0912BLK5PKNOMAT
MP-PVC-PS-0912-BLACK-68-2PK,PS0912BK682PK
MP-PVC-PS-0912-NAOAK-68-2PK,PS0912NAOAK682PK
MP-PVC-PS-0912-NAOAK-68-5PK,PS0912NAOAK685PK
MP-PVC-PS-1010-BLACK-5PK,PS1010BLK5PKNOMAT
MP-PVC-PS-1114-BLACK-5PK,PS1114BLK5PKNOMAT
MP-PVC-PS-1114-BLACK-810-2PK,PS1114BK8102PK
MP-PVC-PS-1114-BLACK-811-2PK,PS1114BLK8112PK
MP-PVC-PS-1114-BLACK-811-5PK,PS1114BLK8115PK
MP-PVC-PS-1114-NAOAK-810-2PK,PS1114NAOAK8102PK
MP-PVC-PS-1114-NAOAK-810-5PK,PS1114NAOAK8105PK
MP-PVC-PS-1115-BLACK-812-5PK,PS1115BLK8125PK
MP-PVC-PS-1117-BLACK-5PK,PS1117BLK5PKNOMAT
MP-PVC-PS-1117-BLACK-812-2PK,PS1117BK8122PK
MP-PVC-PS-1117-NAOAK-812-2PK,PS1117NAOAK8122PK
MP-PVC-PS-1117-NAOAK-915-5PK,PS1117NAOAK9155PK
MP-PVC-PS-1212-BLACK-5PK,PS1212BLK5PKNOMAT
MP-PVC-PS-1216-BLACK-5PK,PS1216BLK5PKNOMAT
MP-PVC-PS-1216-BLACK-912-2PK,PS1216BK9122PK
MP-PVC-PS-1216-NAOAK-8511-5PK,PS1216NAOAK85115PK
MP-PVC-PS-1216-NAOAK-912-2PK,PS1216NAOAK9122PK
MP-PVC-PS-1218-BLACK-1117-2PK,PS1218BK11172PK
MP-PVC-PS-1218-BLACK-5PK,PS1218BLK5PKNOMAT
MP-PVC-PS-1218-NAOAK-1117-2PK,PS1218NAOAK11172PK
MP-PVC-PS-1218-NAOAK-1117-5PK,PS1218NAOAK11175PK
MP-PVC-PS-1313-BLACK-1010-2PK,PS1313BLK10102PK
MP-PVC-PS-1319-BLACK-1117-2PK,PS1319BK11172PK
MP-PVC-PS-1319-BLACK-5PK,PS1319BLK5PKNOMAT
MP-PVC-PS-1319-NAOAK-1117-2PK,PS1319NAOAK11172PK
MP-PVC-PS-1319-NAOAK-1117-5PK,PS1319NAOAK11175PK
MP-PVC-PS-1515-BLACK-1212-2PK,PS1515BLK12122PK
MP-PVC-PS-1515-BLACK-1212-5PK,PS1515BLK12125PK
MP-PVC-PS-1620-BLACK-1114-2PK,PS1620BK11142PK
MP-PVC-PS-1620-BLACK-1216-2PK,PS1620BLK12162PK
MP-PVC-PS-1620-BLACK-1216-5PK,PS1620BLK12165PK
MP-PVC-PS-1620-BLACK-5PK,PS1620BLK5PKNOMAT
MP-PVC-PS-1620-NAOAK-1114-2PK,PS1620NAOAK11142PK
MP-PVC-PS-1620-NAOAK-1114-5PK,PS1620NAOAK11145PK
MP-PVC-PS-1624-BLACK-5PK,PS1624BLK5PKNOMAT
MP-PVC-PS-1824-BLACK-5PK,PS1824BLK5PKNOMAT
MP-PVC-PS-8511-BLACK-5PK,PS8511BK5PK
MP-PVC-PS-8511-NAOAK-5PK,PS8511NAOAK5PK
MP-WPC-GSD-1117-BLACK,GSD1117BLK
MP-WPC-GSD-1122-BLACK,GSD1122BLK
MP-WPC-GSD-1212-BLACK-1010,GSD1212BLK1010
MP-WPC-GSD-1414-BLACK,GSD1414BLK
MP-FE-PHFR-28SMALL,PHFR28SMALL
MP-FE-PHFR-50LARGE,PHFR50LARGE
MP-MDF-JRSY-1824-BLACK,JRSYDC1824BLK
MP-PVC-LX-0405-BLACK,LX0405BLKNOMAT
MP-PVC-LX-0406-BLACK,LX0406BLK
MP-PVC-LX-0406-BLACK-2PK,LX0406BLK2PK
MP-PVC-LX-0507-BLACK,LX0507BLKNOMAT
MP-PVC-LX-0507-BLACK-46,LX0507BLK
MP-PVC-LX-0507-BLACK-46-2PK,LX0507BLK2PK
MP-PVC-LX-0606-BLACK,LX0606BLKNOMAT
MP-PVC-LX-0606-BLACK-44,LX0606BLK
MP-PVC-LX-0606-BLACK-44-2PK,LX0606BLK-2PACK
MP-PVC-LX-0608-BLACK,LX0608BLKNOMAT
MP-PVC-LX-0608-BLACK-35,LX0608BLK35
MP-PVC-LX-0608-BLACK-46,LX0608BLK
MP-PVC-LX-0608-BLACK-46-2PK,LX0608BLK-2PACK
MP-PVC-LX-0608-WHITE,LX0608WHTNOMAT
MP-PVC-LX-0710-BLACK,LX0710BLKNOMAT
MP-PVC-LX-0808-BLACK-66,LX0808BLK
MP-PVC-LX-0808-BLACK-66-2PK,LX0808BLK-2PACK
MP-PVC-LX-0810-BLACK,LX0810BLKNOMAT
MP-PVC-LX-0810-BLACK-10SET,LXBK10PACK
MP-PVC-LX-0810-BLACK-57,LX0810BLK
MP-PVC-LX-0810-BLACK-57-2PK,LX0810BLK2PK
MP-PVC-LX-0812-BLACK-2PK,LX0812BLK-2PACK
MP-PVC-LX-0911-BLACK,LX0911BLKNOMAT
MP-PVC-LX-0912-BLACK,LX0912BLKNOMAT
MP-PVC-LX-0912-BLACK-68,LX0912BK
MP-PVC-LX-0912-BLACK-68-2PK,LX0912BLK-2PACK
MP-PVC-LX-1010-BLACK-88,LX1010BLK
MP-PVC-LX-1012-BLACK,LX1012BLKNOMAT
MP-PVC-LX-1013-BLACK,LX1013BLKNOMAT
MP-PVC-LX-1014-BLACK,LX1014BLKNOMAT
MP-PVC-LX-1015-BLACK,LX1015BLKNOMAT
MP-PVC-LX-1020-BLACK,LX1020BLKNOMAT
MP-PVC-LX-1113-BLACK,LX1113BLKNOMAT
MP-PVC-LX-1114-BLACK,LX1114BLKNOMAT
MP-PVC-LX-1114-BLACK-810,LX1114BLK
MP-PVC-LX-1114-BLACK-810-2PK,LX1114BLK2PK
MP-PVC-LX-1116-BLACK,LX1116BLKNOMAT
MP-PVC-LX-1117-BLACK,LX1117BLK
MP-PVC-LX-1214-BLACK,LX1214BLKNOMAT
MP-PVC-LX-1215-BLACK,LX1215BLKNOMAT
MP-PVC-LX-1216-BLACK,LX1216BLKNOMAT
MP-PVC-LX-1216-BLACK-810,LX1216BLK
MP-PVC-LX-1217-BLACK,LX1217BLKNOMAT
MP-PVC-LX-1218-BLACK,LX1218BLK
MP-PVC-LX-1220-BLACK,LX1220BLKNOMAT
MP-PVC-LX-1224-BLACK,LX1224BLKNOMAT
MP-PVC-LX-1236-BLACK,LX1236BLKNOMAT
MP-PVC-LX-1313-BLACK,LX1313BLKNOMAT
MP-PVC-LX-1316-BLACK,LX1316BLKNOMAT
MP-PVC-LX-1317-BLACK,LX1317BLKNOMAT
MP-PVC-LX-1318-BLACK,LX1318BLKNOMAT
MP-PVC-LX-1319-BLACK,LX1319BLKNOMAT
MP-PVC-LX-1414-BLACK,LX1414BLKNOMAT
MP-PVC-LX-1416-BLACK,LX1416BLKNOMAT
MP-PVC-LX-1417-BLACK,LX1417BLKNOMAT
MP-PVC-LX-1418-BLACK,LX1418BLKNOMAT
MP-PVC-LX-1420-BLACK,LX1420BLKNOMAT
MP-PVC-LX-1520-BLACK,LX1520BLKNOMAT
MP-PVC-LX-1616-BLACK,LX1616BLKNOMAT
MP-PVC-LX-1620-BLACK,LX1620BLK
MP-PVC-LX-1620-BLACK-1114,LX1620BLK1114
MP-PVC-LX-1622-BLACK,LX1622BLKNOMAT
MP-PVC-LX-1624-BLACK,LX1624BLKNOMAT
MP-PVC-LX-1717-BLACK,LX1717BLKNOMAT
MP-PVC-LX-1721-BLACK,LX1721BLKNOMAT
MP-PVC-LX-1724-BLACK,LX1724BLKNOMAT
MP-PVC-LX-1820-BLACK,LX1820BLKNOMAT
MP-PVC-LX-1822-BLACK,LX1822BLKNOMAT
MP-PVC-LX-1826-BLACK,LX1826BLKNOMAT
MP-PVC-LX-1836-BLACK,LX1836BLKNOMAT
MP-PVC-LX-1925-BLACK,LX1925BLKNOMAT
MP-PVC-LX-2020-BLACK,LX2020BLKNOMAT
MP-PVC-LX-2026-BLACK,LX2026BLKNOMAT
MP-PVC-LX-2027-BLACK,LX2027BLKNOMAT
MP-PVC-LX-2028-BLACK,LX2028BLKNOMAT
MP-PVC-LX-2030-BLACK,LX2030BLK
MP-PVC-LX-2128-BLACK,LX2128BLKNOMAT
MP-PVC-LX-2222-BLACK,LX2222BLKNOMAT
MP-PVC-LX-2228-BLACK,LX2228BLK
MP-PVC-LX-2230-BLACK,LX2230BLKNOMAT
MP-PVC-LX-2234-BLACK,LX2234BLKNOMAT
MP-PVC-LX-2424-BLACK,LX2424BLKNOMAT
MP-PVC-LX-2430-BLACK,LX2430BLKNOMAT
MP-PVC-LX-2432-BLACK,LX2432BLKNOMAT
MP-PVC-LX-2436-BLACK,LX2436BLK
MP-PVC-LX-2525-BLACK,LX2525BLKNOMAT
MP-PVC-LX-2740-BLACK,LX2740BLKNOMAT
MP-PVC-LX-2828-BLACK-2424,LX2828BLK2424
MP-PVC-LX-3030-BLACK,LX3030BLKNOMAT
MP-PVC-LX-3040-BLACK,LX3040BLKNOMAT
MP-PVC-LX-8511-BLACK-2PK,LX8511BLK2PK
MP-MDF-FFM-12515-BLACK-MAG,FFM12515BLKMAG
MP-MDF-CF-1826-BLACK-16OP,CF1826BLK16OP
MP-MDF-WBDIST-0507-DNAVY,WB0507DFNAVY
MP-MDF-WBDIST-0507-DRED,WB0507DFRED
MP-MDF-WBDIST-0810-DNAVY,WB0810DFNAVY
MP-MDF-WBDIST-0810-DRED,WB0810DFRED
MP-MDF-WBDIST-1114-DNAVY,WB1114DFNAVY
MP-MDF-WBDIST-1114-DRED,WB1114DFRED
MP-MDF-WBDIST-1218-DNAVY,WB1218DFNAVY
MP-MDF-WBDIST-1218-DRED,WB1218DFRED
MP-MDF-WBDIST-1620-DNAVY,WB1620DFNAVY
MP-MDF-WBDIST-1620-DRED,WB1620DFRED
MP-MDF-CF-0614-BLACK-246,CF0614BLK246
MP-MDF-CF-0620-BLACK-346,CF0620BLK346
MP-MDF-CF-0716-BLACK-257,CF0716BLK257
MP-MDF-CF-1212-BLACK-446,CF1212BLK446
MP-MDF-CF-1218-BLACK-2810,CF1218BLK2810
MP-MDF-CF-1222-BLACK-846,CF1222BLK846
MP-MDF-CF-1228-BLACK-5OP,CF1228BLK5OP
MP-MDF-CF-1230-BLACK-9OP,CF1230BLK9OP
MP-MDF-CF-1414-BLACK-646,CF1414BLK646
MP-MDF-CF-1420-BLACK-946,CF1420BLK946
MP-MDF-CF-5514-BLACK-344,CF5514BLK344
MP-MDF-MW-0606-BLACK-44-CIR,MW0606BLK44CIR
MP-MDF-MW-0606-BLACK-44-HRT,MW0606BLK44HRT
MP-MDF-MW-0606-NAOAK-44-CIR,MW0606NAOAK44CIR
MP-MDF-MW-0606-NAOAK-44-HRT,MW0606NAOAK44HRT
MP-MDF-MW-0608-BLACK-46-ARC,MW0608BLK46ARC
MP-MDF-MW-0608-BLACK-46-OVA,MW0608BLK46OVA
MP-MDF-MW-0608-BLACK-46-WAV,MW0608BLK46WAV
MP-MDF-MW-0608-GREEN-46-WAV,MW0608SGREEN46WAV
MP-MDF-MW-0608-NAOAK-46-ARC,MW0608NAOAK46ARC
MP-MDF-MW-0608-NAOAK-46-OVA,MW0608NAOAK46OVA
MP-MDF-MW-0608-PURPLE-46-WAV,MW0608LPURPLE46WAV
MP-MDF-MW-0808-BLACK-44-ARC,MW0808BLK44ARC
MP-MDF-MW-0808-NAOAK-44-ARC,MW0808NAOAK44ARC
MP-MDF-MW-0810-BLACK-57-ARC,MW0810BLK57ARC
MP-MDF-MW-0810-BLACK-57-OVA,MW0810BLK57OVA
MP-MDF-MW-0810-BLACK-57-WAV,MW0810BLK57WAV
MP-MDF-MW-0810-GREEN-57-WAV,MW0810SGREEN57WAV
MP-MDF-MW-0810-NAOAK-57-ARC,MW0810NAOAK57ARC
MP-MDF-MW-0810-NAOAK-57-OVA,MW0810NAOAK57OVA
MP-MDF-MW-0810-PURPLE-57-WAV,MW0810LPURPLE57WAV
MP-MDF-MW-0912-BLACK-68-ARC,MW0912BLK68ARC
MP-MDF-MW-0912-NAOAK-68-ARC,MW0912NAOAK68ARC
MP-MDF-MW-1114-BLACK-810-ARC,MW1114BLK810ARC
MP-MDF-MW-1114-BLACK-810-OVA,MW1114BLK810OVA
MP-MDF-MW-1114-BLACK-810-WAV,MW1114BLK810WAV
MP-MDF-MW-1114-NAOAK-810-ARC,MW1114NAOAK810ARC
MP-MDF-MW-1114-NAOAK-810-OVA,MW1114NAOAK810OVA
MP-MDF-MW-1212-BLACK-88-CIR,MW1212BLK88CIR
MP-MDF-MW-1212-BLACK-88-HRT,MW1212BLK88HRT
MP-MDF-MW-1212-NAOAK-88-CIR,MW1212NAOAK88CIR
MP-MDF-MW-1212-NAOAK-88-HRT,MW1212NAOAK88HRT
MP-MDF-MW-1218-BLACK-812-ARC,MW1218BLK812ARC
MP-MDF-MW-1218-NAOAK-812-ARC,MW1218NAOAK812ARC
MP-MDF-MW-1620-BLACK-1114-ARC,WB1620BLK1114ARC
MP-MDF-MW-1620-NAOAK-1114-ARC,WB1620NAOAK1114ARC
MP-ALU-AL-0810-BLACK-57,ALU0810BLK0507
MP-ALU-AL-0812-BLACK-68,ALU0812BLK0608
MP-ALU-AL-0912-BLACK-68,ALU0912BLK0608
MP-ALU-AL-1114-BLACK-810,ALU1114BLK0810
MP-ALU-AL-1117-BLACK-812,ALU1117BLK0812
MP-ALU-AL-1216-BLACK-912,ALU1216BLK0912
MP-ALU-AL-1620-BLACK-1114,ALU1620BLK1114
MP-MDF-PIN-1418-BLACK,PIN1418BLK
MP-MDF-PIN-1585-BLACK,PIN1585BLK
MP-MDF-STF-0406-BLACK-23,STF0406BLK23
MP-MDF-STF-0911-BLACK-423,STF0911BLK423
MP-PVC-LX-1212-BLACK-44,LX1212BLK44
MP-PVC-LX-1624-BLACK-812,LX1624BLK812
MP-PVC-LX-1818-BLACK-88,LX1818BLK88
MP-PVC-LX-1824-BLACK-108,LX1824BLK108
MP-PVC-LX-2030-BLACK-1218,LX2030BLK1218
MP-PVC-LX-2424-BLACK-1212,LX2424BLK1212
MP-PVC-LX-2430-BLACK-912,LX2430BLK912
MP-MDF-RRAF-1212-BLACK,RRAF1212BLK
MP-MDF-WMW-0507-DISTWHITE-46,WMW0507DISTWHT46
MP-MDF-WMW-0810-DISTWHITE-57,WMW0810DISTWHT57
MP-MDF-WMW-1114-DISTWHITE-810,WMW1114DISTWHT810
MP-MDF-WB-1217-BLACK,WB1217BLK
MP-MDF-WB-1316-BLACK,WB1316BLK
MP-MDF-WB-1417-BLACK,WB1417BLK
MP-MDF-WB-1620-NAOAK,WB1620NAOAK
MP-MDF-WB-1721-BLACK,WB1721BLK
MP-MDF-WB-1723-BLACK-1319,WB1723BLK1319
MP-MDF-WB-1824-NAOAK,WB1824NAOAK
MP-MDF-WB-1836-BLACK,WB1836BLK
MP-MDF-WB-2228-BLACK,WB2228BKPC
MP-MDF-WB-2230-BLACK,WB2230BLK
MP-MDF-WB-2840-NAOAK-2436,WB2840NAOAK2436
MP-MDF-NF-0608-0406-BLK-3SET,NF0608-0406BLK3SET
MP-MDF-NF-0810-0507-BLK-3SET,NF0810-0507BLK3SET
MP-MDF-NF-1114-0810-BLK-3SET,NF1114-0810BLK3SET
MP-PS-PFF-0810-BLACK-57,PFF0810BLK57
MP-PS-PFF-1114-BLACK-810,PFF1114BLK810
MP-PS-PFF-1620-BLACK-1114,PFF1620BLK1114
MP-PS-VF-0406-GOLD,VF0406GLD
MP-PS-VF-0507-GOLD,VF0507GLD
MP-PS-VF-0810-GOLD-57,VF0810GLD57
MP-PS-VF-1114-GOLD-810,VF1114GLD810
MP-PS-VF-1620-GOLD-1114,VF1620GLD1114
MP-SB-WED-1216-BLACK-46,SBWEDTK1216BLK46
MP-MDF-MW-0810-BLACK-57-BLACK,MW0810BLK57BLK
MP-MDF-MW-0912-BLACK-68-BLACK,MW0912BLK68BLK
MP-MDF-MW-1010-BLACK-88-BLACK,MW1010BLK88BLK
MP-MDF-MW-1114-BLACK-810-BLACK,MW1114BLK810BLK
MP-MDF-MW-1216-BLACK-812-BLACK,MW1216BLK812BLK
MP-MDF-WB-1620-BLACK-1114-BLACK,WB1620BLK1114BLK
MP-MDF-WB-1624-BLACK-1218-BLACK,WB1624BLK1218BLK
MP-MDF-DC-FIG-1414-BLACK,FIGDC1414BLK
MP-METAL-HG-BV-0406-BLACK,OCFHGBV0406BLK
MP-METAL-HG-BV-0507-BLACK,OCFHGBV0507BLK
MP-METAL-HG-M-0406-BLACK,OCFHGM0406BLK
MP-METAL-HG-M-0507-BLACK,OCFHGM0507BLK
MPMDFTSHRT135135BLK,TSHRT135135BLK
MPMDFTSHRT13520BLK,TSHRT13520BLK
A108P1044SHOW7174,A108P1044SHOW7174AZ
A281P273SHOW7174,A281P273SHOW7174AZ
A281P129SHOW7174,A281P129SHOW7174AZ
A267P055SHOW7174,A267P055SHOW7174AZ
A281P225SHOW7174,A281P225SHOW7174AZ
A281P369SHOW7174,A281P369SHOW7174AZ
A281P417SHOW7174,A281P417SHOW7174AZ
A108P1267SHOW7174,A108P1267SHOW7174AZ
A281P696SHOW7174,A281P696SHOW7174AZ
A244P058SHOW7174,A244P058SHOW7174AZ
A248P064SHOW7174,A248P064SHOW7174AZ
A303P266SHOW7174,A303P266SHOW7174AZ
A281P238SHOW7174,A281P238SHOW7174AZ
A281P435SHOW7174,A281P435SHOW7174AZ
A313P125SHOW7174,A313P125SHOW7174AZ
A393P021SHOW7174,A393P021SHOW7174AZ
MP-PES-SHOW-7174-SOLIDBLACK,SHOW7174SBLK
MP-PES-SHOW-7174-SOLIDBLUE,SHOW7174SBLU
MP-PES-SHOW-7174-SOLIDSGREEN,SHOW7174SSGRN
MP-PES-SHOW-7174-SOLIDBURGUNDY,SHOW7174SBGD
MP-PES-SHOW-7174-SOLIDSGREY,SHOW7174SGRY
MP-PES-SHOW-7174-BLACKOMBRE,SHOW7174BLKOMBRE
MP-PES-SHOW-7174-GREENOMBRE,SHOW7174GRNOMBRE
MP-PES-SHOW-7174-BLUEOMBRE,SHOW7174BLUOMBRE
MP-PES-SHOW-7174-PINKOMBRE,SHOW7174PNKOMBRE
MP-PES-SHOW-7174-GREYOMBRE,SHOW7174SGRYOMBRE
MP-PES-SHOW-A281P066-7174,A281P066SHOW7174
MP-PES-SHOW-A281P141-7174,A281P141SHOW7174
MP-PES-SHOW-A281P1706-7174,A281P1706SHOW7174
MP-PES-SHOW-A281P1707-7174,A281P1707SHOW7174
MP-PES-SHOW-A281P886-7174,A281P886SHOW7174
MP-PES-SHOW-A303P334-7174,A303P334SHOW7174
MP-PES-SHOW-A311P107-7174,A311P107SHOW7174
MP-PES-SHOW-A393P002-7174,A393P002SHOW7174
MP-PES-SHOW-A393P032-7174,A393P032SHOW7174
MP-PES-SHOW-A405P233-7174,A405P233SHOW7174
MP-PES-SHOW-A405P298-7174,A405P298SHOW7174
MP-PES-SHOW-A413P088-7174,A413P088SHOW7174
MP-PES-SHOW-7275-BLACK-WAF-SL,SHOW7275BLKWAFSL
MP-PES-SHOW-7275-BLUE-WAF-SL,SHOW7275BLUWAFSL
MP-PES-SHOW-7275-DARKGRAY-WAF-SL,SHOW7275DGRAYWAFSL
MP-PES-SHOW-7275-GREEN-WAF-SL,SHOW7275DGRWAFSL
MP-PES-SHOW-7275-IVORY-WAF-SL,SHOW7275IVRWAFSL
MP-PES-SHOW-7275-LGRAY-WAF-SL,SHOW7275LGRAYWAFSL
MP-PES-SHOW-7275-PINK-WAF-SL,SHOW7275PKWAFSL
MP-PES-SHOW-7275-WHITE-WAF-SL,SHOW7275WHTWAFSL
MP-PES-SHOW-7275-YELLOW-WAF-SL,SHOW7275YWWAFSL
MP-PES-SHOW-A281P1001-7275-SL,A281P1001SHOW7275SL
MP-PES-SHOW-A281P104-7275-SL,A281P104SHOW7275SL
MP-PES-SHOW-A281P1573-7275-SL,A281P1573SHOW7275SL
MP-PES-SHOW-A281P1702-7275-SL,A281P1702SHOW7275SL
MP-PES-SHOW-A281P1705-7275-SL,A281P1705SHOW7275SL
MP-PES-SHOW-A281P407-7275-SL,A281P407SHOW7275SL
MP-PES-SHOW-A372P072-7275-SL,A372P072SHOW7275SL
MP-PES-SHOW-A405P278-7275-SL,A405P278SHOW7275SL
MP-PES-SHOW-A413P075-7275-SL,A413P075SHOW7275SL
MP-PES-SHOW-A413P077-7275-SL,A413P077SHOW7275SL
MP-PES-SHOW-A413P090-7275-SL,A413P090SHOW7275SL
MP-PES-SHOW-GEO1-7275-GRAY-SL,SHOW7275GEO1GRYSL
MP-PES-SHOW-GEO2-7275-GRAY-SL,SHOW7275GEO2GRYSL
MP-PES-SHOW-GEO4-7275-GRAY-SL,SHOW7275GEO4GRYSL
MP-PES-SHOW-GEO5-7275-GRAY-SL,SHOW7275GEO5GRYSL
MP-PES-SHOW-GEO6-7275-GRAY-SL,SHOW7275GEO6GRYSL
MP-PES-SHOW-GEO7-7275-GRAY-SL,SHOW7275GEO7GRYSL
MPPESSHOW7174WGYOMB,SHOW7174WVGRYOMBRE
MPPESSHOW7174WPKOMB,SHOW7174WVPNKOMBRE
MPPESSHOW7174WGROMB,SHOW7174WVGRNOMBRE
MPPESSHOW7174WBLOMB,SHOW7174WVBLUOMBRE
MPPESSHOW7174LGYOMB,SHOW7174LGRYOMBRE
MPPESSHOW7174PROMB,SHOW7174PRPOMBRE
MPPESSHOW7174TLOMB,SHOW7174TEALOMBRE
MPPESSHOW7174LBLOMB,SHOW7174LBLUOMBRE
MPPESSHOW7174SGROMB,SHOW7174SGGRNOMBRE
A108P1418RPIL1410,AZ-PES-RPIL-A108P1418-1410
A108P1418RPIL2014,AZ-PES-RPIL-A108P1418-2014
A281P172PILL1414,AZ-PES-PILL-A281P172-1414
A281P172PILL1818,AZ-PES-PILL-A281P172-1818
A281P172PILL2020,AZ-PES-PILL-A281P172-2020
A281P172RPIL1410,AZ-PES-RPIL-A281P172-1410
A281P172RPIL2014,AZ-PES-RPIL-A281P172-2014
A281P227PILL1410,AZ-PES-RPIL-A281P227-1410
A281P227PILL1414,AZ-PES-PILL-A281P227-1414
A281P227PILL1616,AZ-PES-PILL-A281P227-1616
A281P227PILL1818,AZ-PES-PILL-A281P227-1818
A281P227PILL2014,AZ-PES-RPIL-A281P227-2014
A281P227PILL2020,AZ-PES-PILL-A281P227-2020
A281P273PILL1414,AZ-PES-PILL-A281P273-1414
A281P273PILL1616,AZ-PES-PILL-A281P273-1616
A281P273PILL1818,AZ-PES-PILL-A281P273-1818
MP-PES-PILL-A281P227-1414-SEPIA,A281P227PILL1414SP
MP-PES-PILL-A281P227-1818-SEPIA,A281P227PILL1818SP
MP-PES-PILL-A281P227-2020-SEPIA,A281P227PILL2020SP
MP-PES-PILL-BLUE-1616-DIAMOND,PILL1616BLUEDIA
MP-PES-PILL-BLUE-1818-DIAMOND,PILL1818BLUEDIA
MP-PES-PILL-BLUE-2020-DIAMOND,PILL2020BLUEDIA
MP-PES-PILL-BOHO-1616-DIAMOND,PILL1616BOHODIA
MP-PES-PILL-BOHO-1818-DIAMOND,PILL1818BOHODIA
MP-PES-PILL-BOHO-2020-DIAMOND,PILL2020BOHODIA
MP-PES-PILL-CREAM-1616-LINES001,PILL1616CREAMLINE001
MP-PES-PILL-CREAM-1818-LINES001,PILL1818CREAMLINE001
MP-PES-PILL-CREAM-2020-LINES001,PILL2020CREAMLINE001
MP-PES-PILL-GREEN-1616-LINES001,PILL1616GRNLINE001
MP-PES-PILL-GREEN-1818-LINES001,PILL1818GRNLINE001
MP-PES-PILL-GREEN-2020-LINES001,PILL2020GRNLINE001
MP-PES-PILL-NAVY-1616-LINES001,PILL1616NAVYLINE001
MP-PES-PILL-NAVY-1818-LINES001,PILL1818NAVYLINE001
MP-PES-PILL-NAVY-2020-LINES001,PILL2020NAVYLINE001
MP-PILL-BLACK-1616-ABSTRACT001,PILL1616BLKABST001
MP-PILL-BLACK-1818-ABSTRACT001,PILL1818BLKABST001
MP-PILL-BLACK-2020-ABSTRACT001,PILL2020BLKABST001
MP-PILL-BLUES-1616-ABSTRACT001,PILL1616BLUEABST001
MP-PILL-BLUES-1818-ABSTRACT001,PILL1818BLUEABST001
MP-PILL-BLUES-2020-ABSTRACT001,PILL2020BLUEABST001
MP-PILL-REDS-1616-ABSTRACT001,PILL1616REDABST001
MP-PILL-REDS-1818-ABSTRACT001,PILL1818REDABST001
MP-PILL-REDS-2020-ABSTRACT001,PILL2020REDABST001
MP-PILL-A281P172-1414-BLKWHT,A281P172PILL1414BW
MP-PILL-A281P172-1818-BLKWHT,A281P172PILL1818BW
MP-PILL-A281P172-2020-BLKWHT,A281P172PILL2020BW
MP-RPIL-A281P172-1410-BLKWHT,A281P172RPIL1410BW
MP-METAL-SHRK-24-BLACK-4T,SHRK24BLK4T
MP-METAL-SHRK-26-BLACK-2T,SHRK26BLK2T
MP-METAL-SHRK-26-BLACK-3T,SHRK26BLK3T
MPCCDM0117530BR,CCDM-01
MPCCDM0217530BR,CCDM-02
MPCCDM2517530BR,CCDM-25
MPCCDM2717530BR,CCDM-27
MPCCDM2817530BR,CCDM-28
MPJDMJ117530BR,J1
